source,video_id,author,text,published_at,like_count,fetched_at,sentiment,raw_score,scaled_score,benchmark,sentiment_confidence,emotion,emotion_confidence
youtube,W01OFyxXyVs,@SayfÄ°Ã¼ddinÃ¶vhan-o9o,MaÅŸallah bozkurt geldim ğŸ”¥ğŸ”¥ğŸ”¥ğŸ¤˜ğŸ»ğŸº,2026-02-18T00:39:27Z,1,2026-02-21T11:17:20.949423,Positive,1,5.0,5,0.8525,Neutral,0.6606
youtube,W01OFyxXyVs,@novara8955,are you a wolf or an alpha wolf too or what why is it scared of you did you eat a gun and a bullet for breakfast ğŸ˜­,2026-02-18T00:00:30Z,0,2026-02-21T11:17:20.949423,Negative,-1,0.0,5,0.8945,Fear,0.9505
youtube,W01OFyxXyVs,@MuydinjonMuhammadjonov,it looks like a bear ğŸ˜®ğŸ˜®ğŸ˜®,2026-02-15T05:56:07Z,0,2026-02-21T11:17:20.949423,Positive,1,5.0,5,0.5716,Neutral,0.5782
youtube,W01OFyxXyVs,@Sherlyn-i4n,If it bit u,2026-02-14T21:42:55Z,1,2026-02-21T11:17:20.949423,Negative,-1,0.0,5,0.7477,Neutral,0.431
youtube,W01OFyxXyVs,@BSforeveryoutubechannel,Thank u wolf that person is call you thank u,2026-02-13T12:55:04Z,0,2026-02-21T11:17:20.949423,Positive,1,5.0,5,0.6332,Neutral,0.4593
youtube,W01OFyxXyVs,@beebee5885,Thsts just a dog,2026-02-13T09:01:39Z,0,2026-02-21T11:17:20.949423,Negative,-1,0.0,5,0.5282,Neutral,0.7825
youtube,W01OFyxXyVs,@poopital319,Ai?,2026-02-13T02:58:52Z,0,2026-02-21T11:17:20.949423,Neutral,0,2.5,5,0.4512,Surprise,0.8949
youtube,W01OFyxXyVs,@JROCC74,Lets see a kangal try this guy,2026-02-12T13:17:02Z,0,2026-02-21T11:17:20.949423,Positive,1,5.0,5,0.3649,Neutral,0.447
youtube,W01OFyxXyVs,@Shadowysweetness,Iâ€™m gonna snuggle him when I sleep,2026-02-10T14:32:47Z,0,2026-02-21T11:17:20.949423,Positive,1,5.0,5,0.468,Neutral,0.3733
youtube,W01OFyxXyVs,@kiasiabassett,Me yay ğŸ˜,2026-02-08T14:46:53Z,0,2026-02-21T11:17:20.949423,Positive,1,5.0,5,0.85,Joy,0.6651
youtube,W01OFyxXyVs,@WorldOfFactsZZZ,that thing looks as eerie as the devil,2026-02-07T21:29:39Z,0,2026-02-21T11:17:20.949423,Positive,1,5.0,5,0.599,Fear,0.8077
youtube,W01OFyxXyVs,@WhiteCranK,Fake,2026-02-07T18:47:46Z,0,2026-02-21T11:17:20.949423,Negative,-1,0.0,5,0.4327,Neutral,0.5574
youtube,W01OFyxXyVs,@SofienYousfi-d6b,Ø£ØªÙˆÙ…Ø§ØªÙŠÙƒÙŠ Ù…Ø§Øª Ø®ÙˆÙ Ø´ÙŠØ·Ø¨Ø§Ù† Ù…Ø±ÙˆØ± Ø£Ù†Ø§ Ø²ÙŠ ÙØ­Ø³Ø¨,2026-02-07T14:00:31Z,0,2026-02-21T11:17:20.949423,Neutral,0,2.5,5,0.4724,Neutral,0.4961
youtube,W01OFyxXyVs,@Cruisehr_617,Darcia the 3rd ğŸº,2026-02-07T01:42:08Z,0,2026-02-21T11:17:20.949423,Neutral,0,2.5,5,0.4935,Neutral,0.8486
youtube,W01OFyxXyVs,@ConnorWatt-e3r,Is bro thinking about his life or his video,2026-02-06T17:06:14Z,0,2026-02-21T11:17:20.949423,Neutral,0,2.5,5,0.7985,Neutral,0.7388
youtube,W01OFyxXyVs,@rumandbittas,Thatâ€™s Terrifying seeing something like that,2026-02-03T16:45:44Z,1,2026-02-21T11:17:20.949423,Negative,-1,0.0,5,0.9445,Joy,0.6038
youtube,W01OFyxXyVs,@LioLion-l5j,I-is it still petable? I wanna pet :3,2026-02-01T20:45:19Z,0,2026-02-21T11:17:20.949423,Neutral,0,2.5,5,0.4561,Surprise,0.5348
youtube,W01OFyxXyVs,@MoonPawStudioPlus,That massive,2026-02-01T12:35:46Z,0,2026-02-21T11:17:20.949423,Positive,1,5.0,5,0.3821,Surprise,0.5643
youtube,W01OFyxXyVs,@Chiller-pc1dv,"""Alpha"" wolves are literally just the parents, packs are families.",2026-01-30T06:50:39Z,0,2026-02-21T11:17:20.949423,Neutral,0,2.5,5,0.6336,Neutral,0.9679
youtube,W01OFyxXyVs,@KingNelson-o6x8h,Bro thats skinwelkerğŸ˜‚,2026-01-28T11:18:36Z,1,2026-02-21T11:17:20.949423,Negative,-1,0.0,5,0.4844,Neutral,0.7272
youtube,W01OFyxXyVs,@BackonVinagre,Behold a True Lycan- Lucian os that you?,2026-01-26T21:43:54Z,0,2026-02-21T11:17:20.949423,Neutral,0,2.5,5,0.6289,Neutral,0.3249
youtube,W01OFyxXyVs,@MichaelMosesHammer,He's a Bad Boy for real!,2026-01-26T05:23:11Z,0,2026-02-21T11:17:20.949423,Negative,-1,0.0,5,0.9342,Anger,0.4235
youtube,W01OFyxXyVs,@ThirdoptionJCSU,No dogs can fight this wolf,2026-01-26T00:42:07Z,0,2026-02-21T11:17:20.949423,Negative,-1,0.0,5,0.8039,Neutral,0.5061
youtube,W01OFyxXyVs,@LindaGunner-x7k,Wow rare to see ğŸ‘,2026-01-25T19:45:24Z,0,2026-02-21T11:17:20.949423,Positive,1,5.0,5,0.7715,Surprise,0.8927
youtube,W01OFyxXyVs,@Abigal-g9q,Is an alpha wolf and I know you already said that but I want to tell you about alpha wolves so first it has red eyes like the one in 99 nights in the forest and is glowing red and second they kinda kill so if you see and alpha wolf then run immediately,2026-01-25T14:37:02Z,0,2026-02-21T11:17:20.949423,Neutral,0,2.5,5,0.4805,Neutral,0.8045
youtube,W01OFyxXyVs,@rachidachilah9440,"If i was that person i will be like:awww a cute lil wolf how are u lil guy*pets the wolf**kidnapps the wolf*U COMING WITH ME U AINT ESCAPING OK DONT WORRY I HAVE MEAT IN MY HOUSE NOT ANIMAL MEAT BUT U CAN EAT MY BEOTHER THE STICK ONE HES LIKE A STICK BUT U GOTTA STAY WITH ME OK



AND YES GUYS I LOVE ANIMALS IF UR WONDERING :]",2026-01-24T08:33:54Z,0,2026-02-21T11:17:20.949423,Negative,-1,0.0,5,0.4276,Sadness,0.3175
youtube,W01OFyxXyVs,@Keeptruckingmanex2,Would have treated him like a speed bump u gotta be a truck driver to understand,2026-01-21T12:43:10Z,0,2026-02-21T11:17:20.949423,Negative,-1,0.0,5,0.8479,Neutral,0.5215
youtube,W01OFyxXyVs,@brotato383,Bro is so dead ğŸ˜‚ğŸ˜‚ğŸ˜‚ğŸ˜‚ğŸ˜‚,2026-01-16T12:53:31Z,0,2026-02-21T11:17:20.949423,Negative,-1,0.0,5,0.7474,Sadness,0.7235
youtube,W01OFyxXyVs,@crdbl_k,Jesus that's scary.. imagine seeing it in front of you,2026-01-16T08:54:08Z,0,2026-02-21T11:17:20.949423,Negative,-1,0.0,5,0.935,Fear,0.9641
youtube,W01OFyxXyVs,@TitanBros69,Same i saw it too,2026-01-14T23:11:28Z,1,2026-02-21T11:17:20.949423,Neutral,0,2.5,5,0.6226,Neutral,0.6514
youtube,W01OFyxXyVs,@Godzilla-y5m,is that even real,2026-01-14T16:51:41Z,0,2026-02-21T11:17:20.949423,Neutral,0,2.5,5,0.5032,Surprise,0.8295
youtube,W01OFyxXyVs,@amersaleem9333,99 day in the forest,2026-01-14T12:17:19Z,1,2026-02-21T11:17:20.949423,Neutral,0,2.5,5,0.5478,Neutral,0.6791
youtube,W01OFyxXyVs,@JK47-d7y,You can tell that wolf has been in a ton of scraps which were probably fight to the death. Just look at all the scars and bite marks everywhere. That thing is mean!,2026-01-14T03:06:48Z,0,2026-02-21T11:17:20.949423,Negative,-1,0.0,5,0.9319,Disgust,0.7994
youtube,W01OFyxXyVs,@DanielWern,thas me as theirean rn,2026-01-10T13:11:39Z,0,2026-02-21T11:17:20.949423,Negative,-1,0.0,5,0.5198,Neutral,0.7105
youtube,W01OFyxXyVs,@ShawnH696,ğŸ’©ğŸ’…ğŸ•³,2026-01-08T13:56:21Z,0,2026-02-21T11:17:20.949423,Neutral,0,2.5,5,0.5019,Neutral,0.805
youtube,W01OFyxXyVs,@ShawnH696,ğŸ§ ğŸ«€ğŸ‘„ğŸ«ğŸ’€ğŸ‘¹,2026-01-08T13:16:08Z,0,2026-02-21T11:17:20.949423,Neutral,0,2.5,5,0.4628,Neutral,0.6304
youtube,W01OFyxXyVs,@ShawnH696,ğŸ‘¹ğŸ‘€ğŸ¦´,2026-01-08T12:29:45Z,0,2026-02-21T11:17:20.949423,Neutral,0,2.5,5,0.6233,Neutral,0.7569
youtube,W01OFyxXyVs,@hi_guys65,Thats a bear i think not sure,2026-01-06T22:35:51Z,0,2026-02-21T11:17:20.949423,Neutral,0,2.5,5,0.6739,Neutral,0.4964
youtube,W01OFyxXyVs,@von16hunxho,Who will win a pitbull or this wolf in a fight ?,2026-01-05T04:10:15Z,1,2026-02-21T11:17:20.949423,Neutral,0,2.5,5,0.538,Neutral,0.9164
youtube,W01OFyxXyVs,@nicholasnogales465,Reminds me of Silver Bullet the movie where a werewolf took a rocket in the eye.,2026-01-05T03:57:59Z,1,2026-02-21T11:17:20.949423,Neutral,0,2.5,5,0.4468,Disgust,0.4043
youtube,W01OFyxXyVs,@rylinraye,YES SIR ALPHA.ğŸ«¡,2026-01-05T00:47:03Z,0,2026-02-21T11:17:20.949423,Positive,1,5.0,5,0.733,Neutral,0.831
youtube,W01OFyxXyVs,@marvelousmadmen832,"Kind of reminds me of Black Shuck. Better watch out,",2026-01-04T14:21:44Z,0,2026-02-21T11:17:20.949423,Negative,-1,0.0,5,0.6601,Disgust,0.7257
youtube,W01OFyxXyVs,@blackshark-boz,Lion :- what did you sayğŸ˜‚ğŸ˜‚ğŸ˜‚,2026-01-04T14:02:59Z,0,2026-02-21T11:17:20.949423,Neutral,0,2.5,5,0.5808,Surprise,0.4994
youtube,W01OFyxXyVs,@odkhuuod1013,Wow big dogğŸ˜‚ğŸ˜‚ğŸ˜‚,2025-12-31T23:51:48Z,0,2026-02-21T11:17:20.949423,Positive,1,5.0,5,0.6638,Surprise,0.8867
youtube,W01OFyxXyVs,@iSRS28-ov3ps,Lord have mercy ğŸ¥º on anyone or anything walking in his path...dang,2025-12-31T02:52:29Z,0,2026-02-21T11:17:20.949423,Negative,-1,0.0,5,0.8052,Anger,0.6944
youtube,W01OFyxXyVs,@yonesbensellam8884,"Watch movie "" The Grey""",2025-12-30T04:39:26Z,0,2026-02-21T11:17:20.949423,Neutral,0,2.5,5,0.6207,Neutral,0.8609
youtube,W01OFyxXyVs,@AllglorytoGod26,Jesus Saves,2025-12-28T11:04:24Z,0,2026-02-21T11:17:20.949423,Positive,1,5.0,5,0.5361,Sadness,0.8466
youtube,W01OFyxXyVs,@donspider1,Living  Fenir ğŸ‰,2025-12-27T22:54:16Z,0,2026-02-21T11:17:20.949423,Positive,1,5.0,5,0.8837,Neutral,0.4838
youtube,W01OFyxXyVs,@GustavoSilvaSantos-z3j,Wolf,2025-12-27T17:31:20Z,0,2026-02-21T11:17:20.949423,Neutral,0,2.5,5,0.3883,Neutral,0.7029
youtube,W01OFyxXyVs,@SudeepKumar-xp2ro,"What is that ""a dire wolf?""",2025-12-26T11:20:56Z,0,2026-02-21T11:17:20.949423,Negative,-1,0.0,5,0.6977,Fear,0.8916
youtube,W01OFyxXyVs,@DHYBKW55K,ğŸºğŸºğŸ˜ˆğŸ˜ˆâ˜ªï¸â˜ªï¸â˜ªï¸ğŸ‡¹ğŸ‡·ğŸ‡¹ğŸ‡·ğŸ‡¹ğŸ‡·,2025-12-26T05:26:56Z,1,2026-02-21T11:17:20.949423,Neutral,0,2.5,5,0.5386,Neutral,0.6846
youtube,W01OFyxXyVs,@KongkaKynjing-s8f,Wolf ğŸº ğŸºğŸº ğŸºğŸ“½ï¸ are blackğŸ–¤â¤ğŸ’›ğŸ’šğŸ§¡âšªğŸ’™ colour ğŸºğŸºğŸºâ¬œâ¬›â™¦ï¸â¤ğŸ‰,2025-12-25T19:15:18Z,0,2026-02-21T11:17:20.949423,Neutral,0,2.5,5,0.5812,Neutral,0.7441
youtube,W01OFyxXyVs,@kelvinbloxx_playz,Guys type dire wolf cause that is a dire wolf,2025-12-25T17:42:31Z,0,2026-02-21T11:17:20.949423,Negative,-1,0.0,5,0.6039,Fear,0.9311
youtube,W01OFyxXyVs,@AhmedSayah-c8v,Bro that Wolf has a different aura. ğŸ˜‚ğŸ˜‚,2025-12-25T11:58:07Z,1,2026-02-21T11:17:20.949423,Neutral,0,2.5,5,0.3617,Neutral,0.936
youtube,W01OFyxXyVs,@AsherKumar-y4q,That alpha wolf looks like 99 nights in forest,2025-12-25T11:20:57Z,0,2026-02-21T11:17:20.949423,Neutral,0,2.5,5,0.4788,Neutral,0.9473
youtube,W01OFyxXyVs,@AmitSingh-b3o4z,Heroine,2025-12-25T04:43:20Z,0,2026-02-21T11:17:20.949423,Negative,-1,0.0,5,0.5714,Neutral,0.7095
youtube,W01OFyxXyVs,@Ğ¢Ğ°Ğ»Ğ°Ğ¹Ğ±ĞµĞºĞœĞ°Ğ¼Ñ‹Ñ€Ğ¾Ğ²,99 nights in the forest be like:,2025-12-24T13:49:42Z,0,2026-02-21T11:17:20.949423,Neutral,0,2.5,5,0.5614,Neutral,0.803
youtube,W01OFyxXyVs,@gobindaroy45,ğŸºğŸ˜µâ˜ ï¸ğŸ˜¶â€ğŸŒ«ï¸ğŸ§ğŸ˜°ğŸ˜¨,2025-12-23T07:34:23Z,0,2026-02-21T11:17:20.949423,Negative,-1,0.0,5,0.775,Neutral,0.6693
youtube,W01OFyxXyVs,@JenniferKelly6669,I love him hes awesome,2025-12-20T06:22:44Z,0,2026-02-21T11:17:20.949423,Positive,1,5.0,5,0.9314,Joy,0.9147
youtube,W01OFyxXyVs,@Addygaming-h7w,99 nights in the forest,2025-12-17T16:03:45Z,0,2026-02-21T11:17:20.949423,Neutral,0,2.5,5,0.5411,Neutral,0.6983
youtube,W01OFyxXyVs,@northedgg3422,Thatâ€™s not an alpha. Itâ€™s a lone wolf. Probably was at some point or fought for the rank but got beat out. When you lose a crown match youâ€™re usually kicked out of the pack. Or maybe he got real big and wanted to just go start his own. Either way,2025-12-14T04:11:19Z,0,2026-02-21T11:17:20.949423,Negative,-1,0.0,5,0.8713,Neutral,0.8946
youtube,W01OFyxXyVs,@Alzrad,DAVID KESSLER  ğŸ‡ºğŸ‡¸ ğŸº ğŸ´ó §ó ¢ó ¥ó ®ó §ó ¿  ğŸ¥,2025-12-12T05:54:59Z,1,2026-02-21T11:17:20.949423,Neutral,0,2.5,5,0.8193,Neutral,0.5903
youtube,W01OFyxXyVs,@XianKurtEspinosa,I want of a leader of alpa wolf,2025-12-11T10:54:56Z,2,2026-02-21T11:17:20.949423,Neutral,0,2.5,5,0.4869,Anger,0.8548
youtube,W01OFyxXyVs,@DouglasSpende,And me stuck with a dam 45 ACP im fucked! It's to my church to have my silver bullets blessed by my priest in Latin !,2025-12-10T17:14:27Z,0,2026-02-21T11:17:20.949423,Negative,-1,0.0,5,0.948,Anger,0.5431
youtube,W01OFyxXyVs,@Ashmierespanueva,Alpha wolf is Real??,2025-12-05T21:52:44Z,0,2026-02-21T11:17:20.949423,Neutral,0,2.5,5,0.704,Surprise,0.6848
youtube,W01OFyxXyVs,@CreaterWorld-k8s6j,V dangerğŸ˜®,2025-12-04T20:14:59Z,0,2026-02-21T11:17:20.949423,Negative,-1,0.0,5,0.8549,Fear,0.9389
youtube,W01OFyxXyVs,@jendeuki_mari,OMG MY FAVOURITE ANIMAL ğŸ–¤ğŸºğŸ˜»,2025-12-04T11:22:27Z,1,2026-02-21T11:17:20.949423,Positive,1,5.0,5,0.9234,Surprise,0.7962
youtube,W01OFyxXyVs,@JuiceBox875,"Minecraft wolfâ€™s ğŸ¥°
Real life wolfâ€™s ğŸ’€",2025-12-04T02:32:07Z,0,2026-02-21T11:17:20.949423,Positive,1,5.0,5,0.6911,Neutral,0.8072
youtube,W01OFyxXyVs,@Chill_Vibes12124,"Alpha wolves in 99 nights in the forest: ğŸ¥°
Alpha wolves in real life: ğŸ’€",2025-12-03T17:23:00Z,4,2026-02-21T11:17:20.949423,Neutral,0,2.5,5,0.4873,Neutral,0.6886
youtube,W01OFyxXyVs,@MiaSanders-p8f,Bro looks like a demon from tf2,2025-12-01T18:11:17Z,2,2026-02-21T11:17:20.949423,Negative,-1,0.0,5,0.7965,Disgust,0.5666
youtube,W01OFyxXyVs,@sardorkazakov1038,Time to sleep goddamnit,2025-12-01T14:36:40Z,1,2026-02-21T11:17:20.949423,Negative,-1,0.0,5,0.6445,Anger,0.8186
youtube,W01OFyxXyVs,@Johnnyghost9,Skinwalker indeed,2025-11-30T14:08:24Z,0,2026-02-21T11:17:20.949423,Negative,-1,0.0,5,0.3889,Neutral,0.9185
youtube,W01OFyxXyVs,@Weirdo_Max,"Alpha wolfâ€™s actually donâ€™t exist that wolf was most likely abandon by its pack for being too old, because once a wolf is not able to support his pack, itâ€™s abandoned",2025-11-29T23:37:03Z,0,2026-02-21T11:17:20.949423,Negative,-1,0.0,5,0.8669,Neutral,0.7676
youtube,W01OFyxXyVs,@3Bunnyteers,here doggie doggie.  you so cuteğŸ˜®,2025-11-27T22:24:41Z,0,2026-02-21T11:17:20.949423,Positive,1,5.0,5,0.8534,Joy,0.8
youtube,W01OFyxXyVs,@d.ac.h6605,Can ah pet dat dawg ?ğŸ¥°ğŸ˜ğŸ˜˜,2025-11-27T19:22:26Z,0,2026-02-21T11:17:20.949423,Positive,1,5.0,5,0.5769,Surprise,0.5298
youtube,W01OFyxXyVs,@richelkmjamio2409,Alpha wolfğŸ˜®ğŸ˜®ğŸ˜®ğŸ˜®ğŸ˜®ğŸ˜®ğŸ˜®ğŸ˜®ğŸ˜®ğŸ˜®ğŸ˜®ğŸ˜®ğŸ˜®ğŸ˜®ğŸ˜®ğŸ˜®ğŸ˜®ğŸ˜®ğŸ˜®ğŸ˜®,2025-11-24T02:32:52Z,0,2026-02-21T11:17:20.949423,Positive,1,5.0,5,0.4225,Neutral,0.4036
youtube,W01OFyxXyVs,@LuckyEN-r2j,Why the fake growling sound?,2025-11-24T02:31:30Z,0,2026-02-21T11:17:20.949423,Negative,-1,0.0,5,0.8952,Anger,0.4517
youtube,W01OFyxXyVs,@diamond-n1n,I hope you were in a car and hopefully this is fake,2025-11-23T00:43:40Z,0,2026-02-21T11:17:20.949423,Negative,-1,0.0,5,0.5715,Neutral,0.8839
youtube,W01OFyxXyVs,@JAX_THE_TOY,Why do I feel like this is AI?,2025-11-22T08:32:34Z,1,2026-02-21T11:17:20.949423,Negative,-1,0.0,5,0.8681,Neutral,0.5335
youtube,W01OFyxXyVs,@joederocco9321,i thought wolves dont attack,2025-11-22T03:35:49Z,0,2026-02-21T11:17:20.949423,Negative,-1,0.0,5,0.5466,Surprise,0.4203
youtube,W01OFyxXyVs,@stevej314,This real?,2025-11-18T18:07:09Z,0,2026-02-21T11:17:20.949423,Neutral,0,2.5,5,0.5846,Surprise,0.905
youtube,W01OFyxXyVs,@LadislavJelÃ­nek-r9p,I would be scared as hell,2025-11-18T16:09:38Z,0,2026-02-21T11:17:20.949423,Negative,-1,0.0,5,0.8684,Fear,0.9861
youtube,W01OFyxXyVs,@SharifaAkbari-vx5fg,Skinwalker,2025-11-16T17:31:39Z,0,2026-02-21T11:17:20.949423,Neutral,0,2.5,5,0.4608,Neutral,0.8525
youtube,W01OFyxXyVs,@rohitgupta-jr2ul,IndiansğŸ’€â˜ ï¸ bhediya,2025-11-16T13:59:36Z,0,2026-02-21T11:17:20.949423,Negative,-1,0.0,5,0.7761,Neutral,0.8389
youtube,W01OFyxXyVs,@ROBLOX-player76,So smegma,2025-11-15T19:11:19Z,0,2026-02-21T11:17:20.949423,Negative,-1,0.0,5,0.7067,Neutral,0.9131
youtube,W01OFyxXyVs,@MingYot-t2s6g,Youâ€™re cooked,2025-11-15T10:28:20Z,0,2026-02-21T11:17:20.949423,Negative,-1,0.0,5,0.4901,Neutral,0.901
youtube,W01OFyxXyVs,@jasonhill2348,Where was this?,2025-11-15T05:57:28Z,0,2026-02-21T11:17:20.949423,Neutral,0,2.5,5,0.6831,Surprise,0.803
youtube,W01OFyxXyVs,@coreyrees840,Nah Iâ€™m good,2025-11-15T00:35:59Z,0,2026-02-21T11:17:20.949423,Positive,1,5.0,5,0.5054,Joy,0.4279
youtube,W01OFyxXyVs,@RohitChauhan-wm8fg,Alpha,2025-11-13T15:36:04Z,0,2026-02-21T11:17:20.949423,Neutral,0,2.5,5,0.4336,Neutral,0.6821
youtube,W01OFyxXyVs,@Unlimitedsoffic,"Could be, looks like a normal Wolf to me, but a scarier version from that angle.",2025-11-13T00:51:40Z,1,2026-02-21T11:17:20.949423,Negative,-1,0.0,5,0.5592,Sadness,0.3447
youtube,W01OFyxXyVs,@ManojeetKundu,It looks like hyena,2025-11-11T17:02:13Z,0,2026-02-21T11:17:20.949423,Neutral,0,2.5,5,0.4816,Neutral,0.9222
youtube,W01OFyxXyVs,@robertpirvu7411,A wolf like this eats all your sheep and dogs and people who get in his way.,2025-11-10T09:35:26Z,0,2026-02-21T11:17:20.949423,Negative,-1,0.0,5,0.7732,Disgust,0.6661
youtube,W01OFyxXyVs,@ReshaIsthar,What it looks cute though and fluffy,2025-11-10T00:27:13Z,0,2026-02-21T11:17:20.949423,Positive,1,5.0,5,0.8889,Joy,0.5209
youtube,W01OFyxXyVs,@taylerfella6463,Naw that's a dire wolf,2025-11-09T20:40:57Z,0,2026-02-21T11:17:20.949423,Negative,-1,0.0,5,0.8948,Fear,0.7114
youtube,W01OFyxXyVs,@Natalialoveisilent,Alpha Wolf pelt pls,2025-11-08T20:55:09Z,0,2026-02-21T11:17:20.949423,Negative,-1,0.0,5,0.4866,Disgust,0.7682
youtube,W01OFyxXyVs,@imaneelhamdaoui5038,Pro 99 night or foret,2025-11-08T17:38:04Z,0,2026-02-21T11:17:20.949423,Neutral,0,2.5,5,0.7148,Neutral,0.9136
youtube,W01OFyxXyVs,@ozkang654,Terrifiying the Zone,2025-11-08T08:39:25Z,0,2026-02-21T11:17:20.949423,Negative,-1,0.0,5,0.9536,Fear,0.8294
youtube,W01OFyxXyVs,@DilfuzaUmar,Whh did he not attack the camerman,2025-11-07T20:02:37Z,0,2026-02-21T11:17:20.950436,Negative,-1,0.0,5,0.8931,Surprise,0.5158
youtube,W01OFyxXyVs,@axtonjongma864,That is one mean looking wolf. He looks like he eats fucking bullets for breakfast.,2025-11-07T04:05:34Z,0,2026-02-21T11:17:20.950436,Negative,-1,0.0,5,0.9415,Disgust,0.8579
youtube,W01OFyxXyVs,@VirgilSeanAndreSantiago,99 nights alpha wolf IRL,2025-11-05T02:29:58Z,0,2026-02-21T11:17:20.950436,Neutral,0,2.5,5,0.7115,Neutral,0.9502
youtube,oCvWUtZDrYE,@ArxicVoid,We Alr know dragons nine realms is related to httyd because its the new and like the future after years of httyd and what if they added the bewilderbeast to dragons nine realms,2026-02-17T16:44:47Z,0,2026-02-21T11:17:46.972910,Neutral,0,2.5,5,0.5564,Surprise,0.8451
youtube,oCvWUtZDrYE,@Starlight-k5o,"Well when it does hatch and mature, it wonâ€™t be the alpha, to become the alpha it would need to take down the current alpha, which is Toothless, thatâ€™s how it works",2026-02-15T16:50:30Z,9,2026-02-21T11:17:46.972910,Neutral,0,2.5,5,0.4954,Neutral,0.9506
youtube,oCvWUtZDrYE,@corupted643,I mean who says its been 2 yrs irl yh in the show nah,2026-02-14T12:52:31Z,0,2026-02-21T11:17:46.972910,Neutral,0,2.5,5,0.6435,Surprise,0.7866
youtube,oCvWUtZDrYE,@videobois2,4movie ia commin night rage kid,2026-02-12T20:36:39Z,0,2026-02-21T11:17:46.972910,Negative,-1,0.0,5,0.4167,Anger,0.9842
youtube,oCvWUtZDrYE,@EricsonBulanadi,The bewilderbeast live with valka it's the same bewilderbeast the mother of the egg,2026-02-12T11:29:01Z,0,2026-02-21T11:17:46.972910,Neutral,0,2.5,5,0.4174,Surprise,0.8618
youtube,oCvWUtZDrYE,@TriEdge-f3i,A young bewilder beast was already there during toothless reign. I think that was the egg,2026-02-12T06:30:14Z,0,2026-02-21T11:17:46.972910,Negative,-1,0.0,5,0.6949,Neutral,0.4079
youtube,oCvWUtZDrYE,@SchafferMartinez-n6f,A third bewilderbeast?,2026-02-11T00:46:59Z,0,2026-02-21T11:17:46.972910,Negative,-1,0.0,5,0.9035,Surprise,0.9278
youtube,oCvWUtZDrYE,@Imjesus26,That egg is different to the alpha from the movie. Itâ€™s common sense. She was kidnapped & brought to the nest. Later she ended up helping dragons which is why she relocated the egg. We should be seeing a new alpha in the new movie since the old one died,2026-02-04T15:57:02Z,1,2026-02-21T11:17:46.972910,Negative,-1,0.0,5,0.761,Neutral,0.93
youtube,oCvWUtZDrYE,@BrianAgaran,"No, my theory is that that is the bewilderbeast that was from the egg from race to the edge, if you pay attention to dragoâ€™s bewilderbeast, it has sharper and longer spices, showing it is older, valkaâ€™s bewilderbeast has almost no spikes and look like bumps, hinting it is a young bewilderbeast",2026-01-31T13:26:12Z,1,2026-02-21T11:17:46.972910,Neutral,0,2.5,5,0.4372,Surprise,0.6876
youtube,oCvWUtZDrYE,@staticwxlf8082,"the bewilderbeast egg is the alpha that hiccups mom had, at the very end of the series you see her come and take the egg, and that leads up to the 2nd movie",2026-01-29T22:06:31Z,0,2026-02-21T11:17:46.972910,Neutral,0,2.5,5,0.5643,Surprise,0.947
youtube,oCvWUtZDrYE,@KevinJohnson-c4y,It will be in the 4th one,2026-01-28T00:52:29Z,0,2026-02-21T11:17:46.972910,Neutral,0,2.5,5,0.7987,Neutral,0.7757
youtube,oCvWUtZDrYE,@tapaitausaitujoe3189,But toothless is alfa now and king of drangon,2026-01-27T00:53:35Z,0,2026-02-21T11:17:46.972910,Neutral,0,2.5,5,0.3711,Anger,0.767
youtube,oCvWUtZDrYE,@lilylaine532,i am excited of how to train your dragon 4,2026-01-26T00:18:37Z,0,2026-02-21T11:17:46.972910,Positive,1,5.0,5,0.758,Joy,0.9877
youtube,oCvWUtZDrYE,@joey2-u6p,No no no no That bewilderbeast egg Is the same bewilderbeast in httyd 2,2026-01-25T00:36:55Z,0,2026-02-21T11:17:46.972910,Negative,-1,0.0,5,0.7322,Surprise,0.8748
youtube,oCvWUtZDrYE,@LancelaurelMorelia,Pls another cus when gray bewilderbeast kill white one what happened,2026-01-20T08:40:12Z,1,2026-02-21T11:17:46.972910,Negative,-1,0.0,5,0.7855,Neutral,0.4971
youtube,oCvWUtZDrYE,@Shadowplayz2000,what if it had already been there for decades? then it hatched.,2026-01-12T11:15:58Z,1,2026-02-21T11:17:46.972910,Neutral,0,2.5,5,0.4592,Surprise,0.7138
youtube,oCvWUtZDrYE,@RishabhSiddhartha-k8s,it would be nice if there is a 4th movie where the egg is shown and it could be like johann is alive and he is the main antagonist because he didnt completely die,2026-01-09T06:33:52Z,1,2026-02-21T11:17:46.972910,Negative,-1,0.0,5,0.4462,Joy,0.8471
youtube,oCvWUtZDrYE,@JohnLimus-o8r,It took 20 years until hiccup met his mom bro,2026-01-03T06:31:57Z,1,2026-02-21T11:17:46.972910,Negative,-1,0.0,5,0.6081,Neutral,0.6665
youtube,oCvWUtZDrYE,@JulianWeerasinghe,There's one in the hidden world,2026-01-01T22:15:13Z,1,2026-02-21T11:17:46.972910,Neutral,0,2.5,5,0.6059,Neutral,0.8961
youtube,oCvWUtZDrYE,@Moegamat-TapeRinquest,PğŸ˜®ğŸ˜®ğŸ˜®ğŸ˜®ğŸ˜®ğŸ˜®ğŸ˜®,2026-01-01T07:38:50Z,0,2026-02-21T11:17:46.972910,Negative,-1,0.0,5,0.3703,Neutral,0.6463
youtube,oCvWUtZDrYE,@AntonioMwaura-e5x,It's the same dude,2025-12-31T10:42:16Z,0,2026-02-21T11:17:46.972910,Negative,-1,0.0,5,0.4688,Neutral,0.8594
youtube,oCvWUtZDrYE,@theonewhocleanmyball,Maybe he will be the new king because toothpaste is becoming old,2025-12-29T06:47:06Z,0,2026-02-21T11:17:46.972910,Negative,-1,0.0,5,0.6082,Neutral,0.9168
youtube,oCvWUtZDrYE,@juliusandree31,And I thought the bewilderbeast was from the egg hiccup found so everything was just a lieâ€¦â€¦,2025-12-28T03:19:11Z,0,2026-02-21T11:17:46.972910,Negative,-1,0.0,5,0.8679,Surprise,0.9527
youtube,oCvWUtZDrYE,@theonewhocleanmyball,Hope they made another one because I miss the white bewilderbeast since he died I already miss him,2025-12-27T11:04:48Z,0,2026-02-21T11:17:46.972910,Negative,-1,0.0,5,0.7858,Sadness,0.9292
youtube,oCvWUtZDrYE,@MohammadGamingMobile,BRO CARTOON LOGIC,2025-12-26T20:16:30Z,6,2026-02-21T11:17:46.972910,Negative,-1,0.0,5,0.65,Neutral,0.876
youtube,oCvWUtZDrYE,@Jacks0n-g3k7v,your wrong-wait I think your right...,2025-12-23T13:36:04Z,0,2026-02-21T11:17:46.972910,Neutral,0,2.5,5,0.5882,Anger,0.3525
youtube,oCvWUtZDrYE,@ceritadunia7570,I think the bewilder beast egg was found by drago and turned it into his dragon,2025-12-22T15:31:55Z,1,2026-02-21T11:17:46.972910,Neutral,0,2.5,5,0.5012,Surprise,0.6536
youtube,oCvWUtZDrYE,@Giganatosauruseatsdeer,It looks like the black bewilderbeast because it has red spots on the egg ngl,2025-12-20T09:40:20Z,10,2026-02-21T11:17:46.972910,Negative,-1,0.0,5,0.5926,Surprise,0.6499
youtube,oCvWUtZDrYE,@JosiahTaitBeisser-m5l,"that species may be an â€œAlfa of all dragonsâ€
BUT not EVERY one is. Only those who have probably fought for it.
Think about how old these creatures are. Especially Valkas. The only reason why that one probably died was because he was old. Meanwhile Dragoâ€™s, since Drago would have to have HARMED the poor thing, he must of found his while it was a baby, and beat it into submission, and thatâ€™s why y listened to him as an adultâ€¦ aka, psychologically harmed.",2025-12-19T17:26:34Z,0,2026-02-21T11:17:46.972910,Negative,-1,0.0,5,0.8669,Neutral,0.3724
youtube,oCvWUtZDrYE,@xt_productions.75,Thats not true. I thought the egg is Valka's bewilderbeast and Drago found the Berserker  one and controlled that one,2025-12-12T00:26:36Z,0,2026-02-21T11:17:46.972910,Neutral,0,2.5,5,0.4569,Surprise,0.9392
youtube,oCvWUtZDrYE,@yassachiuchitsuki8678,"u miss the bewilder beast okay, but who miss the red death lmao, not me",2025-12-11T07:35:32Z,3,2026-02-21T11:17:46.972910,Negative,-1,0.0,5,0.7505,Sadness,0.7681
youtube,oCvWUtZDrYE,@KiamyrriaB,Gng what happened to the bewilderbeast that was on beseecker island,2025-12-02T06:59:10Z,1,2026-02-21T11:17:46.972910,Negative,-1,0.0,5,0.724,Surprise,0.9706
youtube,oCvWUtZDrYE,@HierKomJake,purfect for haw to trane your dragon 4,2025-11-17T18:42:37Z,2,2026-02-21T11:17:46.972910,Neutral,0,2.5,5,0.3574,Neutral,0.9063
youtube,oCvWUtZDrYE,@LiamPerez-f3p,Then what happened to the mother of the bewilderbeast egg and who and where did dragos bewilderbeast come from,2025-11-15T05:56:31Z,1,2026-02-21T11:17:46.972910,Negative,-1,0.0,5,0.4976,Surprise,0.8875
youtube,oCvWUtZDrYE,@HelliosCOD,I used to think dragos bewilderbeast was that bewilderbeast  egg,2025-10-28T12:15:51Z,0,2026-02-21T11:17:46.972910,Neutral,0,2.5,5,0.434,Surprise,0.9374
youtube,oCvWUtZDrYE,@EdwardBrooks-i7j,Twist the egg was in the same place the previous alpha made with the ice but in a separate chamber where it would be kept safe,2025-10-24T19:33:56Z,1,2026-02-21T11:17:46.972910,Neutral,0,2.5,5,0.5953,Neutral,0.9522
youtube,oCvWUtZDrYE,@AngelicaMedrano-t7i,Yassss,2025-10-24T02:02:24Z,0,2026-02-21T11:17:46.972910,Positive,1,5.0,5,0.5808,Disgust,0.6386
youtube,oCvWUtZDrYE,@nekeithaleggette7689,You're actually lying ğŸ¤¥,2025-10-23T20:21:17Z,0,2026-02-21T11:17:46.972910,Negative,-1,0.0,5,0.9197,Anger,0.4825
youtube,oCvWUtZDrYE,@EditzOfficial_X,nah i think that it is the same egg,2025-10-21T11:05:11Z,0,2026-02-21T11:17:46.972910,Neutral,0,2.5,5,0.6052,Surprise,0.6894
youtube,oCvWUtZDrYE,@JitkaÄŒernÃ¡-k9c,Or Drago stole it beacus if you look close the egg has red marked spikes like Drago's besilderbeast have,2025-10-19T18:13:59Z,2,2026-02-21T11:17:46.972910,Negative,-1,0.0,5,0.4735,Neutral,0.9045
youtube,oCvWUtZDrYE,@manilynvalerio8266,hiccup mom take egg,2025-10-18T22:15:39Z,0,2026-02-21T11:17:46.972910,Negative,-1,0.0,5,0.6692,Neutral,0.7354
youtube,oCvWUtZDrYE,@metzlorraine6742,and in honesty due to the egg hiccup couldn t battle johann and krogan properly,2025-10-05T11:45:32Z,29,2026-02-21T11:17:46.972910,Negative,-1,0.0,5,0.8424,Neutral,0.761
youtube,oCvWUtZDrYE,@metzlorraine6742,yeah well i sure hope the young alpha in it survives to compensate alpha s death,2025-10-05T11:44:53Z,2,2026-02-21T11:17:46.972910,Neutral,0,2.5,5,0.3675,Neutral,0.5591
youtube,oCvWUtZDrYE,@Isagi-1t1,rawrrrrrrrr!!!!!!!!!!!!!!!!!!!!!!!!!!!!!!!!!!!!,2025-09-20T05:38:48Z,0,2026-02-21T11:17:46.972910,Negative,-1,0.0,5,0.3436,Surprise,0.27
youtube,oCvWUtZDrYE,@Something_Gamer52,You know the show was after the first and before the 2nd movie it could be the bewilder beast,2025-09-10T01:00:40Z,0,2026-02-21T11:17:46.972910,Negative,-1,0.0,5,0.3666,Surprise,0.5604
youtube,oCvWUtZDrYE,@wookie1071,Imagine a red death egg in the dragons nest then  ğŸ’€,2025-09-07T18:54:41Z,7,2026-02-21T11:17:46.972910,Negative,-1,0.0,5,0.6681,Fear,0.3943
youtube,oCvWUtZDrYE,@TimothyMattDelosSantos-gd5wc,And also when valka take the bewilder beast egg she already got her armor like bewilder beast means the bewilder beast in HTTYD 2 is already there,2025-09-06T08:13:00Z,1,2026-02-21T11:17:46.972910,Neutral,0,2.5,5,0.4848,Fear,0.3812
youtube,oCvWUtZDrYE,@Snap11L_L,Is good to know that one of these dragons are not evil,2025-09-06T02:50:04Z,1,2026-02-21T11:17:46.972910,Positive,1,5.0,5,0.6221,Disgust,0.5422
youtube,oCvWUtZDrYE,@travisbyrd7378,The httyd 2 bewilderbeast  were both male meaning thereâ€™s still a female bewilder beast out there with a hatchling ğŸ‘€ğŸ¤ğŸ¾,2025-09-05T01:02:39Z,0,2026-02-21T11:17:46.972910,Neutral,0,2.5,5,0.5597,Surprise,0.6775
youtube,oCvWUtZDrYE,@ralphryan7828,The bewilderbeast is revealed st nine realms,2025-09-02T13:26:37Z,1,2026-02-21T11:17:46.972910,Negative,-1,0.0,5,0.658,Surprise,0.8963
youtube,oCvWUtZDrYE,@gofire-v1m,If httyd has movie 4,2025-09-01T07:11:33Z,0,2026-02-21T11:17:46.972910,Neutral,0,2.5,5,0.5465,Neutral,0.782
youtube,oCvWUtZDrYE,@AmberM-w7j,"Valka's Bewilderbeast is the same Bewilderbeast from the egg. Dragons grow faster than humans, that's why he's humongous in the 2nd movie. Didn't you watch the end of the last episode?",2025-08-29T21:10:15Z,0,2026-02-21T11:17:46.972910,Negative,-1,0.0,5,0.5168,Neutral,0.7376
youtube,oCvWUtZDrYE,@mattmiller3237,"Wait, is this before or after the second movie? 

I thought hiccup didnt know about his mom until 2?",2025-08-24T00:44:45Z,0,2026-02-21T11:17:46.972910,Neutral,0,2.5,5,0.7061,Surprise,0.4944
youtube,oCvWUtZDrYE,@casseygribialde6072,"Maybe Drago bewilder beast is a male because looked on thier tusk different and skin color Drago bewilder beats has a darker and back appearance 

Maybe valka bewilder beast is the wife
And Drago bewilder best is he father tthen how Drago bewilder beast don't remember his wife I don't know the reason",2025-08-17T02:34:03Z,0,2026-02-21T11:17:46.972910,Negative,-1,0.0,5,0.4076,Fear,0.4338
youtube,oCvWUtZDrYE,@JohnrafaelBesiata-ys2td,maybe the egg bewilderbeast is gonna grown soon,2025-08-13T10:45:18Z,2,2026-02-21T11:17:46.972910,Neutral,0,2.5,5,0.3983,Neutral,0.5106
youtube,oCvWUtZDrYE,@rertx223,It's very clear that you've been watching them without looking back.,2025-08-11T22:28:57Z,11,2026-02-21T11:17:46.972910,Neutral,0,2.5,5,0.4508,Neutral,0.8667
youtube,oCvWUtZDrYE,@rertx223,"gijdillax, that egg was Valkan's bewilderbeast we saw in the 2nd movie, there is no new alpha, after swallowing the toothless dragon's bewilderbeast in the 2nd movie, it becomes an alpine",2025-08-11T22:27:06Z,0,2026-02-21T11:17:46.972910,Neutral,0,2.5,5,0.4579,Surprise,0.928
youtube,oCvWUtZDrYE,@rertx223,"Don't take anything for granted, the bewilderbeast egg that Valkan got at the end of race to the edge was Valkan's bewilderbeast that we saw in the 2nd movie and it was killed by the dragon's bewilderbeast. You don't know what you are talking about.",2025-08-11T22:22:17Z,0,2026-02-21T11:17:46.972910,Negative,-1,0.0,5,0.7586,Surprise,0.8352
youtube,oCvWUtZDrYE,@treverxdino,Sorry to break it race to the edce is cannon to the franchise,2025-07-21T03:55:48Z,0,2026-02-21T11:17:46.972910,Negative,-1,0.0,5,0.8405,Sadness,0.9502
youtube,oCvWUtZDrYE,@Brad-hp9te,"That doesn't make sense because, at the end of race to the edge.Drago Said that he would get his own which would give the idea that. It is.
 Over 20 years old or more, which means it's probably back too. Which?
Would mean that a bewildered based could grow within those Two years",2025-07-14T08:20:56Z,27,2026-02-21T11:17:46.972910,Negative,-1,0.0,5,0.5292,Surprise,0.9211
youtube,oCvWUtZDrYE,@diakotoh,I hope so cuz i miss them too much,2025-07-13T14:41:59Z,55,2026-02-21T11:17:46.972910,Negative,-1,0.0,5,0.5001,Sadness,0.9824
youtube,oCvWUtZDrYE,@Iloiolii,The bewilderbeast is gonna come in the 4th movie maybe?,2025-07-12T01:50:58Z,210,2026-02-21T11:17:46.972910,Neutral,0,2.5,5,0.6997,Surprise,0.8144
youtube,oCvWUtZDrYE,@sofiejonsson145,Vot ğŸ˜®ğŸ˜®ğŸ˜®ğŸ˜®ğŸ˜®ğŸ˜®ğŸ˜®,2025-07-11T20:37:32Z,1,2026-02-21T11:17:46.972910,Neutral,0,2.5,5,0.5424,Neutral,0.6121
youtube,oCvWUtZDrYE,@sofiejonsson145,ğŸ˜®ğŸ˜®ğŸ˜®ğŸ˜®ğŸ˜®ğŸ˜®ğŸ˜®ğŸ˜®ğŸ˜®,2025-07-11T20:37:08Z,2,2026-02-21T11:17:46.972910,Neutral,0,2.5,5,0.4667,Neutral,0.4986
youtube,srEFa9nHNZc,@techy-fan287,Valka actually hid the egg because a bewilder beast needs years to mature and hiccup found valka before that egg could hatch,2026-02-07T23:26:35Z,0,2026-02-21T11:18:03.807522,Negative,-1,0.0,5,0.8485,Neutral,0.4674
youtube,srEFa9nHNZc,@sira4951,"For those who are saying that its still a kid, its actually a TITAN WING",2026-02-07T08:36:00Z,0,2026-02-21T11:18:03.807522,Negative,-1,0.0,5,0.4765,Neutral,0.7298
youtube,srEFa9nHNZc,@AbdullaAlThani-p3y,I love your videos,2026-02-05T18:33:04Z,0,2026-02-21T11:18:03.807522,Positive,1,5.0,5,0.9155,Joy,0.9803
youtube,srEFa9nHNZc,@franciscajanainabarrosorodrigu,ğŸ‰ğŸ‰ğŸ‰ğŸ‰ğŸ‰ğŸ‰ğŸ‰ğŸ‰ğŸ‰,2026-02-04T21:25:47Z,0,2026-02-21T11:18:03.807522,Positive,1,5.0,5,0.6138,Neutral,0.8168
youtube,srEFa9nHNZc,@cute_kuromi5,The egg is small and the dragon is big ğŸ¤”,2026-02-04T13:13:05Z,0,2026-02-21T11:18:03.807522,Neutral,0,2.5,5,0.6206,Neutral,0.7446
youtube,srEFa9nHNZc,@MoeFoliga,Btw these two the egg and valaks bewilderbeast is two different bewilderbeasts because it was confirmed that the egg is still safe location in a different area,2026-02-01T08:43:28Z,0,2026-02-21T11:18:03.807522,Neutral,0,2.5,5,0.5922,Surprise,0.9413
youtube,srEFa9nHNZc,@gilbertrondina,I love the bewilderbeast that is my favorite dragon.,2026-01-28T09:47:39Z,0,2026-02-21T11:18:03.807522,Positive,1,5.0,5,0.9161,Joy,0.8505
youtube,srEFa9nHNZc,@myteacheronthepfp,A bewilderbeast takes decades to mature and hatch and valka claimed he saw the bewilderbeast before the egg sp maybe she put it on a safe remote island,2026-01-24T06:16:20Z,0,2026-02-21T11:18:03.807522,Neutral,0,2.5,5,0.3912,Surprise,0.9348
youtube,srEFa9nHNZc,@celestineloissoriano8575,*hi*,2026-01-16T06:02:28Z,0,2026-02-21T11:18:03.807522,Neutral,0,2.5,5,0.4325,Neutral,0.8967
youtube,srEFa9nHNZc,@celestineloissoriano8575,*hello guys*,2026-01-16T06:02:05Z,0,2026-02-21T11:18:03.807522,Neutral,0,2.5,5,0.5468,Neutral,0.809
youtube,srEFa9nHNZc,@undersurefaceerhuperhertyur,It's the ballas Bewilderbeast in the egg  becuz it takes 300 years to turn into a giant beast,2026-01-06T08:18:02Z,0,2026-02-21T11:18:03.807522,Neutral,0,2.5,5,0.4171,Neutral,0.5174
youtube,srEFa9nHNZc,@EdnaAbonala,Who likes took less in the night fairy commentâ¤â¤â¤â¤,2026-01-05T11:10:10Z,0,2026-02-21T11:18:03.807522,Positive,1,5.0,5,0.5451,Neutral,0.748
youtube,srEFa9nHNZc,@EdnaAbonala,Who love how to train your dragon ğŸ‰ğŸ‰!ğŸ‘‡ğŸ‘‡ğŸ©·,2026-01-05T11:09:47Z,0,2026-02-21T11:18:03.807522,Positive,1,5.0,5,0.6314,Neutral,0.5134
youtube,srEFa9nHNZc,@EdnaAbonala,This is the alpha species movie how to train your dragon 3,2026-01-05T08:56:50Z,0,2026-02-21T11:18:03.807522,Neutral,0,2.5,5,0.6944,Neutral,0.8257
youtube,srEFa9nHNZc,@EdnaAbonala,What what movie is this guysğŸ˜…ğŸ˜…ğŸ˜… i want to watch it it's coolâ¤â¤,2026-01-05T08:56:36Z,0,2026-02-21T11:18:03.807522,Positive,1,5.0,5,0.8035,Joy,0.7112
youtube,srEFa9nHNZc,@Light_night_furry,This is very cooooooooooool,2025-12-29T13:22:10Z,0,2026-02-21T11:18:03.807522,Positive,1,5.0,5,0.8726,Neutral,0.3593
youtube,srEFa9nHNZc,@theonewhocleanmyball,Hope that there will be another King as avenge of valkas bewilder beast and hope that the new egg will be more stronger aggressive kind leadership and pay respects to the dragon's,2025-12-29T06:37:56Z,0,2026-02-21T11:18:03.807522,Positive,1,5.0,5,0.5291,Neutral,0.7268
youtube,srEFa9nHNZc,@andrewburt5758,VALKA,2025-12-23T09:58:25Z,0,2026-02-21T11:18:03.807522,Neutral,0,2.5,5,0.3531,Neutral,0.6567
youtube,srEFa9nHNZc,@xblackx._.afz-bestie2125,Youï¹°Biweldï¹°Des,2025-12-19T01:17:28Z,0,2026-02-21T11:18:03.807522,Negative,-1,0.0,5,0.4673,Neutral,0.8866
youtube,srEFa9nHNZc,@xblackx._.afz-bestie2125,ğŸ˜ŠğŸ˜ŠğŸ˜ŠğŸ˜ŠğŸ˜ŠğŸ˜ŠğŸ˜ŠğŸ˜ŠğŸ˜ŠğŸ˜ŠğŸ˜ŠğŸ˜ğŸ˜ğŸ˜ğŸ˜ğŸ˜ğŸ˜ğŸ˜ğŸ˜,2025-12-16T12:37:01Z,0,2026-02-21T11:18:03.807522,Positive,1,5.0,5,0.6995,Neutral,0.5989
youtube,srEFa9nHNZc,@beluga_56u-s9r3,hmmmmm i think the egg is a drago bewilderbeast,2025-12-13T22:53:35Z,0,2026-02-21T11:18:03.807522,Neutral,0,2.5,5,0.4302,Surprise,0.6005
youtube,srEFa9nHNZc,@xblackx._.afz-bestie2125,â¤â¤â¤â¤ğŸ‰â¤ğŸ‰â¤â¤ğŸ‰ğŸ‰â¤ğŸ‰â¤ğŸ‰â¤ğŸ‰â¤ğŸ‰ğŸ‰â¤ğŸ‰â¤ğŸ˜¢ğŸ˜¢ğŸ˜¢ğŸ˜¢ğŸ˜¢ğŸ˜¢ğŸ˜¢ğŸ˜¢ğŸ˜¢ğŸ˜¢ğŸ˜¢,2025-12-11T01:24:15Z,0,2026-02-21T11:18:03.807522,Negative,-1,0.0,5,0.3786,Neutral,0.4494
youtube,srEFa9nHNZc,@morganrump3572,He came back and how to train your dragon race to the edge,2025-12-07T16:11:30Z,1,2026-02-21T11:18:03.807522,Neutral,0,2.5,5,0.6511,Neutral,0.8968
youtube,srEFa9nHNZc,@SapnaSapna-rg5tv,Best editing ğŸ‘ŒğŸ‘Œ,2025-12-02T06:03:24Z,0,2026-02-21T11:18:03.807522,Positive,1,5.0,5,0.803,Neutral,0.793
youtube,srEFa9nHNZc,@evagatinhas,Eu adorei esse vÃ­deo caraâ¤â¤â¤â¤,2025-11-24T16:02:50Z,0,2026-02-21T11:18:03.807522,Positive,1,5.0,5,0.941,Neutral,0.4266
youtube,srEFa9nHNZc,@eissamohammed-so9yz,Get a lifeğŸ˜Š,2025-11-21T13:21:00Z,0,2026-02-21T11:18:03.807522,Positive,1,5.0,5,0.5047,Neutral,0.5901
youtube,srEFa9nHNZc,@custom-pokemon,That egg is a different bewilderbeast because valka says that the bewilderbeast was there when she entered the hidden world,2025-11-09T22:04:19Z,0,2026-02-21T11:18:03.807522,Neutral,0,2.5,5,0.4532,Surprise,0.9491
youtube,srEFa9nHNZc,@GÃ¼lÃ¼zarKÄ±lÄ±Ã§-k7b,White alfabede bebeÄŸim the Best,2025-11-05T16:13:29Z,0,2026-02-21T11:18:03.807522,Positive,1,5.0,5,0.8705,Neutral,0.6326
youtube,srEFa9nHNZc,@Sashen1006robloxusername,"Whats up with the music ? Sounds weird to me 

Ones 
Agree
Like",2025-10-05T16:58:34Z,1,2026-02-21T11:18:03.807522,Negative,-1,0.0,5,0.9015,Disgust,0.5191
youtube,srEFa9nHNZc,@HaltarRimogdiin,Btw its not the same bewilderbeast,2025-10-01T16:12:47Z,0,2026-02-21T11:18:03.807522,Negative,-1,0.0,5,0.633,Surprise,0.9625
youtube,srEFa9nHNZc,@DylanBarcelona-x8n,who the f**k is that with armor,2025-09-24T12:55:47Z,0,2026-02-21T11:18:03.807522,Negative,-1,0.0,5,0.8415,Anger,0.6567
youtube,srEFa9nHNZc,@DylanBarcelona-x8n,That's the biggest dragon or alpha,2025-09-24T12:54:51Z,0,2026-02-21T11:18:03.807522,Neutral,0,2.5,5,0.6124,Neutral,0.5698
youtube,srEFa9nHNZc,@DylanBarcelona-x8n,The King of dragons,2025-09-24T12:54:40Z,0,2026-02-21T11:18:03.807522,Neutral,0,2.5,5,0.4605,Neutral,0.7009
youtube,srEFa9nHNZc,@JaymarEnate-p4s,Do you want to go kn my kasama k muna po jakol ako pede yan yung pera ako ng module part two the,2025-08-31T05:46:24Z,0,2026-02-21T11:18:03.807522,Neutral,0,2.5,5,0.6713,Neutral,0.8275
youtube,srEFa9nHNZc,@Isagi-1t1,rip bewilderbeast he died because of dragos bewilderbeast rip..ğŸ˜¢,2025-08-31T05:14:29Z,0,2026-02-21T11:18:03.807522,Negative,-1,0.0,5,0.9427,Sadness,0.4496
youtube,srEFa9nHNZc,@LedvinLukas,May favourit 1 es toothless,2025-08-27T16:52:28Z,0,2026-02-21T11:18:03.807522,Negative,-1,0.0,5,0.4235,Anger,0.8527
youtube,srEFa9nHNZc,@JonathanMalate-b4s,I know that dragon hes name is the white bewilderbeast,2025-08-20T02:38:30Z,0,2026-02-21T11:18:03.807522,Neutral,0,2.5,5,0.4907,Surprise,0.5339
youtube,srEFa9nHNZc,@Miri12057,â¤â¤,2025-08-16T06:13:39Z,0,2026-02-21T11:18:03.807522,Positive,1,5.0,5,0.63,Neutral,0.8316
youtube,srEFa9nHNZc,@DyesebelPamittan,Drawing main,2025-08-16T02:22:13Z,0,2026-02-21T11:18:03.807522,Neutral,0,2.5,5,0.5346,Neutral,0.9128
youtube,srEFa9nHNZc,@ITACHIUCHIHAGAMER60,*w editttttt !!!! *,2025-08-15T01:52:05Z,0,2026-02-21T11:18:03.807522,Positive,1,5.0,5,0.4249,Surprise,0.2863
youtube,srEFa9nHNZc,@CarolineKennett,The rtte bewilderbeast egg is not valkas bewilderbeast because rtte was set 1-2 years before the second movie it takes longer that that for a dragon egg to hatch and grow full sized also valka said the bewilderbeast was there wen she got to the dragon sanctuary and she was missing for 20 years,2025-08-14T01:52:44Z,0,2026-02-21T11:18:03.807522,Neutral,0,2.5,5,0.4662,Surprise,0.762
youtube,srEFa9nHNZc,@Dormando555,The egg never hatched she just hide it,2025-08-13T22:19:53Z,0,2026-02-21T11:18:03.807522,Neutral,0,2.5,5,0.4348,Neutral,0.9682
youtube,srEFa9nHNZc,@lodeerajvongthong3925,The song fits so well ğŸ˜Š and the bewilderbeast is my favorite dragon,2025-08-09T01:22:39Z,3,2026-02-21T11:18:03.807522,Positive,1,5.0,5,0.8842,Joy,0.5959
youtube,srEFa9nHNZc,@bigback67-420,It's can't be it cause it can't grow bigger than the red death in 3 years no way,2025-08-01T03:17:34Z,0,2026-02-21T11:18:03.807522,Negative,-1,0.0,5,0.8705,Neutral,0.6793
youtube,srEFa9nHNZc,@NuttayaYodta,"à¹€à¸‚à¸µà¹‰à¸¢à¸§à¸à¸¸à¸” à¹€à¸£à¸²à¸Šà¸­à¸šà¹€à¸‚à¸µà¹‰à¸¢à¸§à¸à¸¸à¸” à¹€à¸£à¸² à¸•""ğŸ˜ğŸ˜ğŸ˜ğŸ˜ğŸ˜ğŸ˜ğŸ˜ğŸ’¯ğŸ’¯ğŸ’¯ğŸ’¯ğŸ’¥ğŸ’¥ğŸ’¥ğŸ’¢ğŸ’¢ğŸ’¢ğŸ’ŒğŸ’˜ğŸ’ğŸ’–ğŸ’—ğŸ’“ğŸ’—ğŸ’—ğŸ’“ğŸ’“ğŸ’ğŸ’ğŸ’ğŸ’ğŸ’ğŸ’ğŸ’ğŸ’ğŸ’ğŸ’•ğŸ’ŸğŸ’ŸğŸ’Ÿâ£â£â¤â¤ğŸ’œ",2025-07-31T10:50:29Z,0,2026-02-21T11:18:03.807522,Positive,1,5.0,5,0.4904,Neutral,0.6178
youtube,srEFa9nHNZc,@Aven0703,Why does the audio match him so well?,2025-07-31T02:36:06Z,0,2026-02-21T11:18:03.807522,Positive,1,5.0,5,0.4799,Surprise,0.5978
youtube,srEFa9nHNZc,@Kynw_wellens,"For the people who think the egg became the bewilder beast we saw in httyd 2, itâ€™s not, it would have to be like thousand or millions of years old to get that big. Am pretty sure valka brought the egg somewhere where it can safely hatch",2025-07-23T14:29:47Z,0,2026-02-21T11:18:03.807522,Negative,-1,0.0,5,0.6043,Surprise,0.9441
youtube,srEFa9nHNZc,@coBergo08,It's not the same bewilderbeast,2025-07-22T10:35:55Z,0,2026-02-21T11:18:03.807522,Negative,-1,0.0,5,0.8624,Surprise,0.9408
youtube,srEFa9nHNZc,@marian2254,"Cool bewerbestğŸ˜®,ğŸ˜ğŸ˜ğŸ˜ğŸ˜ğŸ˜ğŸ˜ğŸ˜",2025-07-21T14:41:20Z,0,2026-02-21T11:18:03.807522,Positive,1,5.0,5,0.8285,Neutral,0.8257
youtube,srEFa9nHNZc,@SonofdisasterchildofNeptune,I love this song,2025-07-21T07:07:09Z,0,2026-02-21T11:18:03.807522,Positive,1,5.0,5,0.915,Joy,0.9865
youtube,srEFa9nHNZc,@DeividelucasDaSilvadosSantos,Gente esse besta implacÃ¡vel nÃ£o Ã© do ovo por que esses ovos demora muito tempo para ser chocado em cerca de um sÃ©culo ou menos,2025-07-19T14:58:00Z,0,2026-02-21T11:18:03.807522,Negative,-1,0.0,5,0.9126,Neutral,0.6271
youtube,srEFa9nHNZc,@T00thl3ss_N1ghtFury,Cool edit I like httyd :D,2025-07-19T09:16:08Z,0,2026-02-21T11:18:03.807522,Positive,1,5.0,5,0.8859,Joy,0.7456
youtube,srEFa9nHNZc,@Daki_HelluvaVerse,"Crazy that she raised it, I forgot that part, thatâ€™s how they get along so well lol",2025-07-19T08:24:06Z,2,2026-02-21T11:18:03.807522,Positive,1,5.0,5,0.6312,Surprise,0.6204
youtube,srEFa9nHNZc,@Silver_Paw7,WHO are the two persons in the begin of the video?,2025-07-18T14:58:03Z,0,2026-02-21T11:18:03.807522,Neutral,0,2.5,5,0.817,Neutral,0.7786
youtube,srEFa9nHNZc,@Ğ£Ğ°Ğ»Ğ¸Ñ…Ğ°Ğ½-Ñ‰8Ğ¼,â¤ğŸ˜Šâ¤ğŸ˜Šâ¤ğŸ˜ŠğŸ˜ŠğŸ˜ŠğŸ˜Šâ¤â¤ğŸ˜Šâ¤ğŸ˜Šâ¤â¤ğŸ˜Šâ¤ğŸ˜ŠğŸ˜Šâ¤ğŸ˜Šâ¤ğŸ˜Šâ¤ğŸ˜Šâ¤ğŸ˜ŠğŸ˜Šâ¤ğŸ‰ğŸ‰ğŸ‰ğŸ‰â¤ğŸ‰â¤ğŸ‰â¤ğŸ‰â¤ğŸ‰â¤ğŸ‰ğŸ‰â¤â¤ğŸ‰ğŸ‰â¤ğŸ‰â¤ğŸ‰â¤ğŸ˜ŠğŸ‰ğŸ˜ŠğŸ‰ğŸ˜ŠğŸ‰ğŸ˜ŠğŸ˜ŠğŸ‰,2025-07-18T09:57:38Z,0,2026-02-21T11:18:03.807522,Positive,1,5.0,5,0.7096,Neutral,0.4632
youtube,srEFa9nHNZc,@Trmortisreis,What is the movies name,2025-07-17T13:19:47Z,1,2026-02-21T11:18:03.807522,Neutral,0,2.5,5,0.7806,Neutral,0.9016
youtube,srEFa9nHNZc,@SEBASTIANVERGILJAVINES,I think it's 90 years old,2025-07-15T14:06:45Z,0,2026-02-21T11:18:03.807522,Neutral,0,2.5,5,0.6657,Neutral,0.7685
youtube,srEFa9nHNZc,@AngeliqueNogueras,that bewilderbeast is not the bewilderbeast from the egg if valka only took it for 2 weeks is not enough time for it to hatch or even develop properlyğŸ˜®,2025-07-15T00:46:37Z,0,2026-02-21T11:18:03.807522,Negative,-1,0.0,5,0.6865,Surprise,0.9326
youtube,srEFa9nHNZc,@davidllorca5333,No thatâ€™s wrong that bewilder beast is way older than the other one because itâ€™s only 2 years and it takes way longer so,2025-07-14T13:13:37Z,0,2026-02-21T11:18:03.807522,Neutral,0,2.5,5,0.5019,Surprise,0.8839
youtube,srEFa9nHNZc,@KingVoltRBX,Since that bewilder beast ISNT from the egg maybe if theres a nee movie we will see the bewilder beast from the egg in action,2025-07-12T22:54:13Z,0,2026-02-21T11:18:03.807522,Neutral,0,2.5,5,0.4715,Fear,0.4978
youtube,srEFa9nHNZc,@YadiPlays,kid sing was so cute,2025-07-11T17:37:30Z,1,2026-02-21T11:18:03.807522,Positive,1,5.0,5,0.7178,Joy,0.7969
youtube,srEFa9nHNZc,@AvaAvery-y9w,Jesus is lord â¤I love toothless â¤,2025-07-10T01:52:54Z,0,2026-02-21T11:18:03.807522,Positive,1,5.0,5,0.8449,Fear,0.542
youtube,srEFa9nHNZc,@KortezPatterson,Bewilderbeest is a sigma,2025-07-09T03:30:39Z,0,2026-02-21T11:18:03.807522,Negative,-1,0.0,5,0.8555,Fear,0.4829
youtube,srEFa9nHNZc,@XxShadowxX.12,This looks so cool and good and I love this,2025-07-06T18:42:43Z,0,2026-02-21T11:18:03.807522,Positive,1,5.0,5,0.9453,Joy,0.9473
youtube,srEFa9nHNZc,@dravenberning-hursey1821,"The first part of it, it is actually from the show version of how to train your dragons",2025-07-06T18:05:17Z,1,2026-02-21T11:18:03.807522,Neutral,0,2.5,5,0.8055,Neutral,0.94
youtube,srEFa9nHNZc,@otisdog1369,No this theory itâ€™s to big to be the one from the egg,2025-07-06T11:20:32Z,0,2026-02-21T11:18:03.807522,Negative,-1,0.0,5,0.679,Neutral,0.783
youtube,srEFa9nHNZc,@kopa_vitani_thelionking2026,Wow,2025-07-06T09:25:07Z,0,2026-02-21T11:18:03.807522,Positive,1,5.0,5,0.4407,Surprise,0.9671
youtube,srEFa9nHNZc,@zyanzed-zzc7,I like that dragon,2025-07-05T12:23:43Z,0,2026-02-21T11:18:03.807522,Positive,1,5.0,5,0.8081,Joy,0.9862
youtube,srEFa9nHNZc,@relish-1YT,Not tryna be THAT GUY. But as the sail north fan I am my opinion using unsinkable or tale of the shadow. :),2025-07-05T12:15:49Z,0,2026-02-21T11:18:03.807522,Positive,1,5.0,5,0.4739,Neutral,0.7271
youtube,srEFa9nHNZc,@Ara_tooreal,Bro I was watching HTTYD 3 and when Hiccup goes into the cave after following toothless you can see drago's  bewilder beast in the cave. I was so shocked to see it in the cave,2025-07-04T20:37:33Z,0,2026-02-21T11:18:03.807522,Negative,-1,0.0,5,0.7412,Surprise,0.9723
youtube,srEFa9nHNZc,@WolfTail_26,"Me before the drop: Oh hey wait you that one girl the ummâ€¦ HTTYD?
Me after the drop: You are :O I havenâ€™t seen you in awhile :3",2025-07-04T16:30:04Z,0,2026-02-21T11:18:03.807522,Neutral,0,2.5,5,0.4506,Surprise,0.6581
youtube,srEFa9nHNZc,@chci2408,AHHHHH LOVE IT ğŸ˜ğŸ˜ğŸ˜,2025-07-04T14:57:24Z,0,2026-02-21T11:18:03.807522,Positive,1,5.0,5,0.9229,Joy,0.5474
youtube,srEFa9nHNZc,@SherryInselman,"â€œ every nest has its queen but this, THIS IS THE KING!â€",2025-07-04T01:21:16Z,0,2026-02-21T11:18:03.807522,Positive,1,5.0,5,0.6988,Neutral,0.3971
youtube,srEFa9nHNZc,@One_eye_Warriorcats,Something I wasnâ€™t know is who wins in a battle red death or bewilderveast,2025-07-04T00:29:50Z,0,2026-02-21T11:18:03.807522,Neutral,0,2.5,5,0.5735,Surprise,0.8754
youtube,srEFa9nHNZc,@L3af_the_f0x,ririririri,2025-07-02T22:40:46Z,0,2026-02-21T11:18:03.807522,Negative,-1,0.0,5,0.398,Neutral,0.5115
youtube,srEFa9nHNZc,@luanaabrantesvaladao,"Guys This is not him,the egg dont Shocked",2025-07-02T21:01:16Z,0,2026-02-21T11:18:03.807522,Negative,-1,0.0,5,0.5627,Surprise,0.9599
youtube,srEFa9nHNZc,@BumblebeesNplush,The past king of the dragons now it my boi toothless,2025-07-02T20:28:33Z,0,2026-02-21T11:18:03.807522,Neutral,0,2.5,5,0.4553,Sadness,0.4931
youtube,srEFa9nHNZc,@bee1_27hi-q7t,Dang it grew fast,2025-07-02T20:07:06Z,0,2026-02-21T11:18:03.807522,Positive,1,5.0,5,0.595,Surprise,0.8215
youtube,srEFa9nHNZc,@Aut0tunE-y2r,That thing grew fast to that size in only at least like 3 years,2025-07-02T18:18:44Z,0,2026-02-21T11:18:03.807522,Positive,1,5.0,5,0.48,Neutral,0.6142
youtube,srEFa9nHNZc,@BMXLEGEND1,Fe fi fo fum : HUTS HARD,2025-07-02T14:20:58Z,0,2026-02-21T11:18:03.807522,Negative,-1,0.0,5,0.5984,Neutral,0.5258
youtube,srEFa9nHNZc,@elizabethmazerolle661,What kind of show itâ€™s this ğŸ˜ğŸ˜ğŸ˜,2025-07-01T18:10:56Z,0,2026-02-21T11:18:03.807522,Negative,-1,0.0,5,0.8625,Neutral,0.4741
youtube,srEFa9nHNZc,@Dragon_Rider123,WOWWW!!!! The Bewilderbeast is one of my favorite Dragons!!ğŸ¤ğŸ¤,2025-07-01T15:12:25Z,0,2026-02-21T11:18:03.807522,Positive,1,5.0,5,0.929,Surprise,0.9578
youtube,srEFa9nHNZc,@Riley-u1v,Her baby Dragon,2025-07-01T14:55:38Z,0,2026-02-21T11:18:03.807522,Neutral,0,2.5,5,0.5299,Joy,0.5124
youtube,srEFa9nHNZc,@Blueman-i4g,Who was the two faeries?,2025-07-01T13:15:14Z,0,2026-02-21T11:18:03.807522,Neutral,0,2.5,5,0.7653,Neutral,0.7016
youtube,srEFa9nHNZc,@Luna_sharpclaws,This Is the best glow up i ever seen,2025-07-01T10:43:14Z,0,2026-02-21T11:18:03.807522,Positive,1,5.0,5,0.927,Neutral,0.3907
youtube,srEFa9nHNZc,@Diana_iza,My opinion is that the egg have been stoled by Drago's mans and the Drago's wilderbeast is the baby from the egg,2025-07-01T08:38:06Z,0,2026-02-21T11:18:03.807522,Neutral,0,2.5,5,0.6999,Neutral,0.7411
youtube,srEFa9nHNZc,@IsabelleGoddard-k2x,I cried when he died,2025-06-30T02:36:20Z,0,2026-02-21T11:18:03.807522,Negative,-1,0.0,5,0.7899,Sadness,0.9784
youtube,srEFa9nHNZc,@Zuen_hybrid,I feel bad bc I wanted to see more of him but he was kinda short lived...ğŸ˜…,2025-06-29T22:22:38Z,0,2026-02-21T11:18:03.807522,Negative,-1,0.0,5,0.8906,Sadness,0.9615
youtube,srEFa9nHNZc,@nicolasfreddystoys8057,bro why did the girl laugh like that ğŸ™ğŸ˜,2025-06-29T22:15:59Z,0,2026-02-21T11:18:03.807522,Negative,-1,0.0,5,0.8963,Surprise,0.6189
youtube,srEFa9nHNZc,@HTTYDLOVERGIRL,Wait a minute So if the woman who took the egg was hiccups mom How did She not see Them flying away In Rtte When they gave the egg to the Other people? idk â“,2025-06-29T10:18:31Z,1,2026-02-21T11:18:03.807522,Negative,-1,0.0,5,0.6671,Surprise,0.6594
youtube,srEFa9nHNZc,@dragonlover35-o1j,Good edit!,2025-06-29T02:42:40Z,0,2026-02-21T11:18:03.807522,Positive,1,5.0,5,0.8547,Joy,0.5815
youtube,srEFa9nHNZc,@kimestabillo2549,Ohh that's baby bewilderbeast has eggğŸ˜ŠğŸ˜Šâ¤â¤ğŸ‰ğŸ‰,2025-06-28T08:10:54Z,0,2026-02-21T11:18:03.807522,Positive,1,5.0,5,0.8005,Surprise,0.8832
youtube,srEFa9nHNZc,@JarYT1,He died quick though,2025-06-27T05:26:23Z,0,2026-02-21T11:18:03.807522,Negative,-1,0.0,5,0.8218,Neutral,0.3675
youtube,srEFa9nHNZc,@Oliver-yz7ye,Heâ€™s not afraid to destroy what he made for others,2025-06-24T20:33:41Z,2,2026-02-21T11:18:03.807522,Negative,-1,0.0,5,0.4784,Fear,0.6582
youtube,srEFa9nHNZc,@veronicamoreno9591,â¤â¤â¤â¤ğŸ˜ŠğŸ˜ŠğŸ˜ğŸ˜ğŸ˜ƒğŸ˜ƒğŸ˜ƒğŸ˜ƒğŸ˜ƒğŸ¥šğŸ¥šğŸ¥šğŸ¤ğŸ¼ğŸ¥šâ¤ï¸â¤ï¸ğŸ¶ğŸ§ğŸ“±ğŸ“±,2025-06-24T07:59:52Z,0,2026-02-21T11:18:03.807522,Positive,1,5.0,5,0.6088,Neutral,0.6338
youtube,srEFa9nHNZc,@Maria-p5o8v,Ğ¯ Ğ½Ğ° ÑÑ‚Ğ¾Ğ¼ Ğ¼Ğ¾Ğ¼ĞµĞ½Ñ‚Ğµ Ğ·Ğ°ÑÑ‚Ñ‹Ğ»Ğ° Ğ¸ ÑĞ¼Ğ¾Ñ‚Ñ€ĞµĞ»Ğ° Ğ² Ğ¾Ğ´Ğ½Ñƒ Ñ‚Ğ³Ñ‡ĞºÑƒ,2025-06-21T14:19:59Z,0,2026-02-21T11:18:03.807522,Negative,-1,0.0,5,0.7247,Neutral,0.3208
youtube,srEFa9nHNZc,@Fruitblade019,This is my fav alpha the good one not evil one it was sad when it dies ğŸ˜” ğŸ˜¢ ğŸ˜¢â¤ğŸ˜¢,2025-06-20T16:18:30Z,1,2026-02-21T11:18:03.807522,Negative,-1,0.0,5,0.7514,Sadness,0.9815
youtube,srEFa9nHNZc,@bloxydiet,Whys the alpha dragon always be coolğŸ˜®ğŸ˜®ğŸ˜®,2025-06-14T12:18:30Z,0,2026-02-21T11:18:03.807522,Positive,1,5.0,5,0.8384,Joy,0.751
youtube,srEFa9nHNZc,@charlotcrafts6897,Guys idk if this is true bc she said cloudjumper thought she belonged there implying it was there when she arrived there for the first timeâ¤,2025-06-04T01:18:39Z,0,2026-02-21T11:18:03.807522,Neutral,0,2.5,5,0.561,Neutral,0.8756
youtube,srEFa9nHNZc,@WitheredFoxy-s9i,NICE EDIT BRO,2025-05-28T08:21:40Z,0,2026-02-21T11:18:03.807522,Positive,1,5.0,5,0.8849,Neutral,0.9514
youtube,satmJa32J18,@TahreemsArtandCraft,"Look it her t-shirt 
Person eyes..!!",2026-02-20T19:15:22Z,1,2026-02-21T11:18:28.187560,Neutral,0,2.5,5,0.4323,Neutral,0.2674
youtube,satmJa32J18,@mirkibria7890,It's ai look at the guys shirt the eyes are moving,2026-02-19T22:12:05Z,0,2026-02-21T11:18:28.187560,Positive,1,5.0,5,0.6717,Surprise,0.5907
youtube,satmJa32J18,@vistoria6594,Why was the eyes moving on the t-shirt,2026-02-19T16:35:23Z,0,2026-02-21T11:18:28.187560,Negative,-1,0.0,5,0.6007,Surprise,0.6078
youtube,satmJa32J18,@joodnasserP2,Not the shirt moving its arms,2026-02-18T12:30:39Z,0,2026-02-21T11:18:28.187560,Neutral,0,2.5,5,0.6338,Neutral,0.7341
youtube,satmJa32J18,@Jack-f3r3y,Gen alpha â¤,2026-02-17T14:13:54Z,0,2026-02-21T11:18:28.187560,Positive,1,5.0,5,0.7732,Neutral,0.9264
youtube,satmJa32J18,@XGuyLolgux,Lol,2026-02-15T22:50:11Z,0,2026-02-21T11:18:28.187560,Neutral,0,2.5,5,0.4956,Neutral,0.871
youtube,satmJa32J18,@strongest_mage,Am i the only one who saw the shirt moving its eyes- ğŸ«£,2026-02-15T05:27:08Z,0,2026-02-21T11:18:28.187560,Negative,-1,0.0,5,0.5307,Surprise,0.5475
youtube,satmJa32J18,@ZoeySelena67,No theyâ€™ll be saying 67 all night long and will be playing steel a brainrot,2026-02-14T22:36:07Z,0,2026-02-21T11:18:28.187560,Negative,-1,0.0,5,0.8873,Neutral,0.9148
youtube,satmJa32J18,@Fareed-il3sp,Did anyone notice the  t-shirt eyes?ğŸ’€ğŸ˜‚ğŸ˜‚,2026-02-14T07:25:20Z,0,2026-02-21T11:18:28.187560,Neutral,0,2.5,5,0.5656,Neutral,0.7671
youtube,satmJa32J18,@animearts-v3r,Anyone saw the shirtt???,2026-02-13T10:56:23Z,0,2026-02-21T11:18:28.187560,Neutral,0,2.5,5,0.8213,Surprise,0.6273
youtube,satmJa32J18,@visualplays57,Who notice his t shirt ğŸ˜µ,2026-02-08T17:00:23Z,0,2026-02-21T11:18:28.187560,Negative,-1,0.0,5,0.7659,Surprise,0.8238
youtube,satmJa32J18,@kelly2025cutiez,Omg the shirts eyes where moving,2026-02-08T12:42:51Z,0,2026-02-21T11:18:28.187560,Negative,-1,0.0,5,0.3559,Surprise,0.9692
youtube,satmJa32J18,@enyancelia,What is the man on the guy t-shirt blinking,2026-02-08T08:04:29Z,0,2026-02-21T11:18:28.187560,Neutral,0,2.5,5,0.6075,Surprise,0.6914
youtube,satmJa32J18,@Muslims-h6v8d,Bro just look at your shirt ğŸ‘•ğŸ˜Š,2026-02-08T07:49:07Z,0,2026-02-21T11:18:28.187560,Positive,1,5.0,5,0.6692,Neutral,0.8897
youtube,satmJa32J18,@SasaPetroski,me will have 100 years oldğŸ˜±ğŸ˜±,2026-02-08T07:45:12Z,0,2026-02-21T11:18:28.187560,Neutral,0,2.5,5,0.5638,Neutral,0.557
youtube,satmJa32J18,@living_for_craft_85,Someone noticed his t shirt eyes ğŸ‘€ğŸ½ğŸ‘•moving,2026-02-07T11:00:27Z,1,2026-02-21T11:18:28.187560,Neutral,0,2.5,5,0.647,Neutral,0.6713
youtube,satmJa32J18,@JoyLi-m6q6g,"Not the scream after the bones cracking ğŸ˜‚ğŸ˜‚ğŸ˜‚ğŸ˜‚ğŸ˜‚ğŸ˜‚!

Granny still got those moves.",2026-02-05T23:28:41Z,0,2026-02-21T11:18:28.187560,Positive,1,5.0,5,0.4928,Anger,0.3288
youtube,satmJa32J18,@Drawwithhamoodi,Song name,2026-02-04T01:20:51Z,0,2026-02-21T11:18:28.187560,Neutral,0,2.5,5,0.5253,Neutral,0.899
youtube,satmJa32J18,@TheChickenNugget-57,NOT THE GRAMNY CAN MOVE HER HAMD LIKE THIS HELPğŸ’€,2026-02-01T22:20:09Z,0,2026-02-21T11:18:28.187560,Negative,-1,0.0,5,0.8988,Neutral,0.5413
youtube,satmJa32J18,@starpowerssz,The shirt be like :ğŸ‘ï¸ğŸ‘„ğŸ‘ï¸,2026-01-28T22:18:03Z,0,2026-02-21T11:18:28.187560,Neutral,0,2.5,5,0.7051,Neutral,0.7282
youtube,satmJa32J18,@favioYoutube,2022 trend to break a boneğŸ˜‚,2026-01-27T02:55:25Z,0,2026-02-21T11:18:28.187560,Neutral,0,2.5,5,0.4109,Neutral,0.4057
youtube,satmJa32J18,@SakshiShrikonde-i4p,The eyes moving in t-shirt ğŸ˜®ğŸ˜Š,2026-01-24T09:13:06Z,0,2026-02-21T11:18:28.187560,Positive,1,5.0,5,0.7957,Neutral,0.791
youtube,satmJa32J18,@aryannaganur9244,And the shirts vibin his eyes too ğŸ˜‚,2026-01-24T04:37:24Z,0,2026-02-21T11:18:28.187560,Neutral,0,2.5,5,0.4254,Neutral,0.6861
youtube,satmJa32J18,@doffyasantos4891,the shirt eyesğŸ˜³,2026-01-22T22:06:05Z,0,2026-02-21T11:18:28.187560,Positive,1,5.0,5,0.4207,Neutral,0.7764
youtube,satmJa32J18,@itsanimegaming,Wtf the shirt,2026-01-20T15:59:57Z,0,2026-02-21T11:18:28.187560,Negative,-1,0.0,5,0.6953,Anger,0.5303
youtube,satmJa32J18,@kiwi_official123-o8y,Where do i get the shirt from,2026-01-19T06:29:32Z,0,2026-02-21T11:18:28.187560,Neutral,0,2.5,5,0.7592,Neutral,0.8206
youtube,satmJa32J18,@adanlazaro8937,The eyes in the shirt,2026-01-19T03:17:36Z,0,2026-02-21T11:18:28.187560,Neutral,0,2.5,5,0.5747,Neutral,0.5054
youtube,satmJa32J18,@Rabbit-w5g,Every one talking about the grandma but does some one sees the eyes of the person in the t-shirts are moving ğŸ˜®ğŸ˜®,2026-01-16T20:25:02Z,1,2026-02-21T11:18:28.187560,Neutral,0,2.5,5,0.5502,Neutral,0.7886
youtube,satmJa32J18,@MUHAMMADNAZIMUDDIN-s5m,Look tat he's shirt,2026-01-12T11:42:04Z,0,2026-02-21T11:18:28.187560,Neutral,0,2.5,5,0.5974,Disgust,0.4001
youtube,satmJa32J18,@MarnieKnowles,The man on the t-shirt is moving his eyes...,2026-01-11T21:26:47Z,0,2026-02-21T11:18:28.187560,Neutral,0,2.5,5,0.4686,Disgust,0.7914
youtube,satmJa32J18,@sushi_bin,ğŸ˜‚,2026-01-10T12:42:17Z,0,2026-02-21T11:18:28.187560,Neutral,0,2.5,5,0.4468,Neutral,0.765
youtube,satmJa32J18,@blueplaysroblox3,Bro the eyes on  his shirt moved ğŸ˜±ğŸ˜±ğŸ¤¯ğŸ¤¯,2026-01-10T01:08:35Z,0,2026-02-21T11:18:28.187560,Negative,-1,0.0,5,0.4672,Surprise,0.444
youtube,satmJa32J18,@esnathmusonza,That trendğŸ˜Š,2026-01-08T18:28:56Z,0,2026-02-21T11:18:28.187560,Positive,1,5.0,5,0.7781,Neutral,0.8345
youtube,satmJa32J18,@carlphillips6631,The shirt eyes and the Chrissy and Eddie scene lol,2026-01-07T22:16:40Z,0,2026-02-21T11:18:28.187560,Positive,1,5.0,5,0.5043,Neutral,0.4608
youtube,satmJa32J18,@Overthinker989,Why is no one talking about the eyes that were moving in his shirtğŸ’€,2026-01-07T17:58:21Z,1,2026-02-21T11:18:28.187560,Negative,-1,0.0,5,0.6226,Surprise,0.4909
youtube,satmJa32J18,@ValeriuCuza,"Wtf is wrong with that shirt, is it cgi or smth?",2026-01-06T16:39:58Z,0,2026-02-21T11:18:28.187560,Negative,-1,0.0,5,0.8607,Anger,0.6781
youtube,satmJa32J18,@Trashed_I,How the eyes moving on shirt,2026-01-06T16:15:01Z,0,2026-02-21T11:18:28.187560,Neutral,0,2.5,5,0.7409,Surprise,0.4358
youtube,satmJa32J18,@neelamkaur1698,Hey nobody noticed that the eyes were moving on the t-shirt ğŸ˜‚ğŸ˜‚ğŸ˜‚ğŸ˜‚ğŸ˜‚ğŸ˜‚ğŸ˜‚ğŸ˜‚ğŸ˜‚ğŸ˜‚ I ğŸ˜‚ğŸ˜‚ğŸ˜‚ğŸ˜…ğŸ˜…ğŸ˜…ğŸ˜…ğŸ˜‚ğŸ˜‚ğŸ˜…ğŸ˜‚ğŸ˜…ğŸ˜‚ğŸ˜…ğŸ˜‚ğŸ˜…ğŸ˜…ğŸ˜‚ğŸ˜…ğŸ˜‚ğŸ˜…ğŸ˜‚ğŸ˜…ğŸ˜‚,2026-01-05T15:13:35Z,0,2026-02-21T11:18:28.187560,Neutral,0,2.5,5,0.4868,Neutral,0.6783
youtube,satmJa32J18,@atulpant6044,The shirt ğŸ’€ğŸŒšâ˜ ï¸âš°ï¸,2026-01-04T16:30:50Z,0,2026-02-21T11:18:28.187560,Negative,-1,0.0,5,0.4739,Neutral,0.7935
youtube,satmJa32J18,@LitsLits-m4h,The eye at the clothes is moving,2026-01-03T16:51:48Z,0,2026-02-21T11:18:28.187560,Neutral,0,2.5,5,0.5384,Neutral,0.5095
youtube,satmJa32J18,@the-rooler,Gen alpha,2026-01-03T13:17:59Z,0,2026-02-21T11:18:28.187560,Neutral,0,2.5,5,0.5628,Neutral,0.8867
youtube,satmJa32J18,@Relatablegu,The eyes on his shirt always move I wonder why,2026-01-03T06:56:52Z,0,2026-02-21T11:18:28.187560,Negative,-1,0.0,5,0.414,Surprise,0.9701
youtube,satmJa32J18,@Zany-d5t,"Those who saw the eye on his short moving
ğŸ‘‡ğŸ»",2026-01-03T05:08:29Z,0,2026-02-21T11:18:28.187560,Neutral,0,2.5,5,0.7037,Neutral,0.8049
youtube,satmJa32J18,@yimixggaming5833,Tf those eyes lookin at,2026-01-02T19:34:53Z,0,2026-02-21T11:18:28.187560,Neutral,0,2.5,5,0.4202,Anger,0.8171
youtube,satmJa32J18,@neerajapat5046,i like this video and this song,2026-01-01T21:46:59Z,0,2026-02-21T11:18:28.187560,Positive,1,5.0,5,0.8461,Joy,0.9842
youtube,satmJa32J18,@marlroo9901-v8p,Grandma: im still in your generation! Ahh videoğŸ˜‚â¤,2026-01-01T03:48:03Z,0,2026-02-21T11:18:28.187560,Positive,1,5.0,5,0.8126,Surprise,0.4446
youtube,satmJa32J18,@princesspeachsky,Not the shirts eyes moving,2026-01-01T01:09:42Z,0,2026-02-21T11:18:28.187560,Negative,-1,0.0,5,0.4804,Neutral,0.7069
youtube,satmJa32J18,@karthikvijay5678,Yo this is how itâ€™s gonna be,2025-12-31T21:38:31Z,0,2026-02-21T11:18:28.187560,Neutral,0,2.5,5,0.553,Neutral,0.5341
youtube,satmJa32J18,@Unofficially_Unfamous_Brothers,"If you were born 2013 
The first year of gen alpha
You would be 67 in 2080",2025-12-31T17:04:58Z,0,2026-02-21T11:18:28.187560,Neutral,0,2.5,5,0.7947,Neutral,0.7204
youtube,satmJa32J18,@DelilahJeffers-y1s,hey guys do you notice that he's is moving on eye?,2025-12-31T01:49:29Z,1,2026-02-21T11:18:28.187560,Neutral,0,2.5,5,0.7223,Surprise,0.9178
youtube,satmJa32J18,@KINGJBOfficial,Tho guy on the boys t shirt is moving its eye balls,2025-12-30T20:49:35Z,0,2026-02-21T11:18:28.187560,Negative,-1,0.0,5,0.5833,Disgust,0.4524
youtube,satmJa32J18,@rositataylor8368,"Who saw the shirt move
ğŸ‘‡",2025-12-30T17:05:02Z,0,2026-02-21T11:18:28.187560,Neutral,0,2.5,5,0.8745,Surprise,0.5036
youtube,satmJa32J18,@czyvibes,Did anyone notice the eyeballs moving on his shirt,2025-12-30T06:19:08Z,1,2026-02-21T11:18:28.187560,Neutral,0,2.5,5,0.518,Surprise,0.8121
youtube,satmJa32J18,@FRE3SH345,Just let Grandma vibe,2025-12-30T05:13:43Z,0,2026-02-21T11:18:28.187560,Positive,1,5.0,5,0.5315,Neutral,0.9174
youtube,satmJa32J18,@miguelalvarado7444,Like if you saw the eyes move on his shirt ğŸ‘•,2025-12-28T20:26:20Z,0,2026-02-21T11:18:28.187560,Neutral,0,2.5,5,0.5918,Neutral,0.6644
youtube,satmJa32J18,@divyansh1246,Its 2082 rn in nepalğŸ‡³ğŸ‡µğŸ‡³ğŸ‡µ,2025-12-28T14:55:13Z,0,2026-02-21T11:18:28.187560,Neutral,0,2.5,5,0.6737,Neutral,0.845
youtube,satmJa32J18,@Crystale_loverxx,"ğŸ‘ï¸ ğŸ‘ï¸ 
ğŸ‘„",2025-12-28T10:32:55Z,0,2026-02-21T11:18:28.187560,Neutral,0,2.5,5,0.6827,Fear,0.6716
youtube,satmJa32J18,@barakhadilive2240,What happen to you hand. Donâ€™t here this song ever again,2025-12-28T05:28:44Z,0,2026-02-21T11:18:28.187560,Negative,-1,0.0,5,0.8251,Fear,0.3768
youtube,satmJa32J18,@pookie-cookie-h12,Do anyone notice the eye movement in shirt ğŸ˜‚,2025-12-27T08:20:37Z,1,2026-02-21T11:18:28.187560,Neutral,0,2.5,5,0.5872,Neutral,0.5094
youtube,satmJa32J18,@WillowBlazesArtandCatVids,Lolll,2025-12-26T22:57:14Z,0,2026-02-21T11:18:28.187560,Neutral,0,2.5,5,0.4518,Neutral,0.7464
youtube,satmJa32J18,@maxvanhalen5327,Venca got her.....,2025-12-24T12:27:45Z,0,2026-02-21T11:18:28.187560,Neutral,0,2.5,5,0.4812,Neutral,0.8937
youtube,satmJa32J18,@kimcoates186,Why are the eyes on the shirt moving,2025-12-24T01:11:06Z,0,2026-02-21T11:18:28.187560,Negative,-1,0.0,5,0.7961,Surprise,0.5081
youtube,satmJa32J18,@numberonethatgirl,not the shirtğŸ˜‚ğŸ˜‚ğŸ˜‚ğŸ˜‚,2025-12-23T15:20:18Z,0,2026-02-21T11:18:28.187560,Neutral,0,2.5,5,0.5812,Neutral,0.7626
youtube,satmJa32J18,@Liljonesy-fb3,no its gen z 2010 to 2012,2025-12-22T17:22:23Z,0,2026-02-21T11:18:28.187560,Neutral,0,2.5,5,0.7944,Neutral,0.7167
youtube,satmJa32J18,@buhlemkuche1208,Damn,2025-12-22T13:40:29Z,0,2026-02-21T11:18:28.187560,Negative,-1,0.0,5,0.6865,Disgust,0.5181
youtube,satmJa32J18,@dilnanair456,Look at his shirtğŸ˜ğŸ˜¨ğŸ˜±,2025-12-22T12:27:51Z,0,2026-02-21T11:18:28.187560,Negative,-1,0.0,5,0.7279,Neutral,0.5989
youtube,satmJa32J18,@dipuodire2773,Did anyone else  notice the moving eyes on the shirt ğŸ˜‚,2025-12-22T12:08:21Z,0,2026-02-21T11:18:28.187560,Neutral,0,2.5,5,0.5858,Surprise,0.7455
youtube,satmJa32J18,@aradhyapragya718,ğŸ‘•ğŸ‘€ğŸ”,2025-12-19T09:37:20Z,0,2026-02-21T11:18:28.187560,Neutral,0,2.5,5,0.8075,Neutral,0.7258
youtube,satmJa32J18,@AleNino-m1r9x,The t dhirt,2025-12-18T02:17:53Z,0,2026-02-21T11:18:28.187560,Negative,-1,0.0,5,0.5257,Neutral,0.7865
youtube,satmJa32J18,@ericalee1358,Did you saw the T-shirt moving its eyes?ğŸ˜®ğŸ˜®ğŸ˜®ğŸ˜®ğŸ˜®,2025-12-16T10:06:33Z,0,2026-02-21T11:18:28.187560,Neutral,0,2.5,5,0.4839,Neutral,0.7608
youtube,satmJa32J18,@ArhaNaaj,Anyone who noticed that eye moving on his shirt,2025-12-15T15:04:53Z,1,2026-02-21T11:18:28.187560,Neutral,0,2.5,5,0.6458,Surprise,0.5817
youtube,satmJa32J18,@suhashsundarrajan1613,Why is nobody talking about the eyes moving in the shirt ğŸ˜‚,2025-12-15T11:42:10Z,0,2026-02-21T11:18:28.187560,Negative,-1,0.0,5,0.5091,Surprise,0.4851
youtube,satmJa32J18,@mariselagutierrez7136,2025?â¤,2025-12-15T03:30:41Z,0,2026-02-21T11:18:28.187560,Neutral,0,2.5,5,0.5277,Neutral,0.6381
youtube,satmJa32J18,@crabbydabs3027,His shirts eyes are moving,2025-12-13T13:25:42Z,0,2026-02-21T11:18:28.187560,Neutral,0,2.5,5,0.4272,Neutral,0.6525
youtube,satmJa32J18,@mharrancho2236,Anyone who sees his shirt that is moving,2025-12-13T13:21:41Z,0,2026-02-21T11:18:28.187560,Neutral,0,2.5,5,0.6139,Surprise,0.5506
youtube,satmJa32J18,@vrplays-h3s,What is this trend?,2025-12-10T20:15:24Z,0,2026-02-21T11:18:28.187560,Neutral,0,2.5,5,0.7396,Neutral,0.6203
youtube,satmJa32J18,@vrplays-h3s,Granpa broke his arm at least he remembered,2025-12-10T20:15:05Z,0,2026-02-21T11:18:28.187560,Negative,-1,0.0,5,0.5648,Neutral,0.4063
youtube,satmJa32J18,@th3missingl1nk,Bro the shirt's eyes were moving O.O,2025-12-09T02:06:24Z,0,2026-02-21T11:18:28.187560,Negative,-1,0.0,5,0.715,Neutral,0.5305
youtube,satmJa32J18,@miyukicibellichipe8995,The t-shirt,2025-12-08T17:00:06Z,0,2026-02-21T11:18:28.187560,Neutral,0,2.5,5,0.6112,Neutral,0.8449
youtube,satmJa32J18,@kris_6767,Eyes NEVER STOP MOVINGâŒğŸ‘€ğŸ‘ï¸ğŸ˜°ğŸ«£,2025-12-07T22:25:46Z,0,2026-02-21T11:18:28.187560,Negative,-1,0.0,5,0.8542,Neutral,0.4149
youtube,satmJa32J18,@avnienterprises-e6c,The eye moving on the t-shirt ğŸ˜‚ğŸ˜‚ğŸ˜‚,2025-12-06T16:28:32Z,0,2026-02-21T11:18:28.187560,Neutral,0,2.5,5,0.5411,Neutral,0.6302
youtube,satmJa32J18,@shakhawathossain1773,I don't understand it at all but it's funny ğŸ˜‚ğŸ˜‚ğŸ˜‚ğŸ˜‚,2025-12-06T08:56:34Z,0,2026-02-21T11:18:28.187560,Positive,1,5.0,5,0.6512,Joy,0.7253
youtube,satmJa32J18,@BernardoBorborema-c2m,"When we get old, we die.",2025-12-05T14:23:37Z,1,2026-02-21T11:18:28.187560,Negative,-1,0.0,5,0.4995,Sadness,0.3309
youtube,satmJa32J18,@Shkh_Sabiha,"DID SOMEONE NOTICED HIS T-SHIRT????
THE EYES WERE MOVING!!!!",2025-12-05T06:24:33Z,0,2026-02-21T11:18:28.187560,Negative,-1,0.0,5,0.5165,Surprise,0.411
youtube,satmJa32J18,@Lynn-r7w,Who saw the shirt moving its eyes that's creepy,2025-12-05T03:00:25Z,0,2026-02-21T11:18:28.187560,Negative,-1,0.0,5,0.9443,Disgust,0.4664
youtube,satmJa32J18,@MaximShady-k6f,And you at gen beta,2025-11-29T18:11:58Z,0,2026-02-21T11:18:28.187560,Neutral,0,2.5,5,0.7056,Neutral,0.6531
youtube,satmJa32J18,@Feliciaplaz,The shirt thoğŸ˜‚,2025-11-26T20:11:17Z,0,2026-02-21T11:18:28.187560,Neutral,0,2.5,5,0.477,Neutral,0.8258
youtube,satmJa32J18,@Skzfan143luv,"WHO SAW THE EYE MOVING!!!!!! ğŸ˜‚ğŸ˜‚ğŸ˜®ğŸ˜®
ğŸ‘‡ğŸ‘‡",2025-11-26T17:33:54Z,0,2026-02-21T11:18:28.187560,Neutral,0,2.5,5,0.4463,Surprise,0.7228
youtube,satmJa32J18,@thehonoredone901,Meanwhile nepali is in 2082....,2025-11-26T12:19:24Z,0,2026-02-21T11:18:28.187560,Neutral,0,2.5,5,0.6503,Neutral,0.7458
youtube,satmJa32J18,@jyotisoni4937,Who notice that in the boy's shirt a man is printed who's eyes are moving ğŸ˜‚,2025-11-26T11:55:13Z,1,2026-02-21T11:18:28.187560,Neutral,0,2.5,5,0.5849,Surprise,0.9045
youtube,satmJa32J18,@Azelfaith-prayer,Why you're shirts eyes moving,2025-11-26T02:53:57Z,0,2026-02-21T11:18:28.187560,Negative,-1,0.0,5,0.7865,Neutral,0.5793
youtube,satmJa32J18,@Itz_Unknonwy2,the tshirt's eyes tho ğŸ˜…,2025-11-24T15:24:30Z,0,2026-02-21T11:18:28.187560,Positive,1,5.0,5,0.4359,Neutral,0.5921
youtube,satmJa32J18,@MehmetYolcu-g4p,The eye moving in the ShirtğŸ’€,2025-11-24T13:06:56Z,0,2026-02-21T11:18:28.187560,Neutral,0,2.5,5,0.4913,Neutral,0.6202
youtube,satmJa32J18,@ItzUwUbabysusSBxfan,That would be me (Granny person) ğŸ˜‚,2025-11-24T04:27:16Z,0,2026-02-21T11:18:28.188568,Neutral,0,2.5,5,0.5666,Neutral,0.9285
youtube,satmJa32J18,@AjeroAjero-s9u,Omg the eyes in his t-shirt just move!!!!!!,2025-11-23T01:05:23Z,0,2026-02-21T11:18:28.188568,Positive,1,5.0,5,0.6498,Surprise,0.8975
youtube,satmJa32J18,@FaridahShokanbi,TheğŸ˜®ğŸ˜®ğŸ˜®ğŸ˜®ğŸ˜® shirt,2025-11-22T20:47:39Z,0,2026-02-21T11:18:28.188568,Neutral,0,2.5,5,0.4376,Neutral,0.8838
youtube,satmJa32J18,@Zah1deisaqt,GUYS DID YOU SAW THE SHIRT THE EYES WAS MOVING,2025-11-22T20:15:24Z,0,2026-02-21T11:18:28.188568,Negative,-1,0.0,5,0.4284,Surprise,0.5921
youtube,satmJa32J18,@VaishnaviDwivedi-by2cj,In the boy t-shirt the man was moving his eye broo ğŸ˜‚,2025-11-21T16:01:39Z,0,2026-02-21T11:18:28.188568,Neutral,0,2.5,5,0.4322,Disgust,0.571
youtube,satmJa32J18,@andrei-romi,Loooooook at the eyes of his shirt,2025-11-21T07:10:16Z,0,2026-02-21T11:18:28.188568,Positive,1,5.0,5,0.4353,Neutral,0.5564
youtube,satmJa32J18,@velvet-u3k7e,Nepal in 2082ğŸ˜‚ğŸ˜‚,2025-11-21T01:07:25Z,0,2026-02-21T11:18:28.188568,Neutral,0,2.5,5,0.5657,Neutral,0.9056
youtube,RvNgUW9MO5c,@harshkhatter,Bhot pyaara <3,2026-02-13T04:45:54Z,2,2026-02-21T11:18:42.457603,Positive,1,5.0,5,0.6021,Neutral,0.6401
youtube,RvNgUW9MO5c,@realadarshworld,"Apna apne ko kheenche 
Toh apnon se dur hona seekh",2026-01-29T18:21:14Z,9,2026-02-21T11:18:42.457603,Negative,-1,0.0,5,0.374,Fear,0.6459
youtube,RvNgUW9MO5c,@vinuurajput3229,ğŸ’¯â™¥ï¸,2026-01-17T02:03:53Z,4,2026-02-21T11:18:42.457603,Positive,1,5.0,5,0.6587,Neutral,0.6309
youtube,RvNgUW9MO5c,@aradhyarathor6061,One of the best song brother,2026-01-14T11:05:27Z,6,2026-02-21T11:18:42.457603,Positive,1,5.0,5,0.9026,Joy,0.4606
youtube,RvNgUW9MO5c,@ajgamer5255,ğŸ‘‡ Everyday,2026-01-14T08:07:59Z,6,2026-02-21T11:18:42.457603,Neutral,0,2.5,5,0.638,Neutral,0.6805
youtube,RvNgUW9MO5c,@iadityajais,This is the king we want not the commercial one,2026-01-07T19:25:47Z,8,2026-02-21T11:18:42.457603,Neutral,0,2.5,5,0.3426,Neutral,0.9538
youtube,RvNgUW9MO5c,@shubhambaliyan3529,Master piece,2026-01-03T09:13:09Z,3,2026-02-21T11:18:42.457603,Positive,1,5.0,5,0.6745,Neutral,0.843
youtube,RvNgUW9MO5c,@AbhishekGupta9_98,TOO GOOOD âœ¨,2026-01-02T05:14:58Z,3,2026-02-21T11:18:42.457603,Positive,1,5.0,5,0.9346,Surprise,0.5196
youtube,RvNgUW9MO5c,@ifeel_g,â¤,2026-01-01T16:26:55Z,2,2026-02-21T11:18:42.457603,Positive,1,5.0,5,0.4629,Neutral,0.7885
youtube,RvNgUW9MO5c,@divyanshjain180,Exact 1 year! Hoping 2026 will be a wonderful oneâ¤,2025-12-31T17:10:38Z,8,2026-02-21T11:18:42.457603,Positive,1,5.0,5,0.9107,Joy,0.7078
youtube,RvNgUW9MO5c,@bgsanuj69420,"This was my first song that I listened in 2025,
Also ending 2025 with giving a listen to it again. 
#kingsclanğŸ‘‘",2025-12-31T16:54:39Z,3,2026-02-21T11:18:42.457603,Positive,1,5.0,5,0.7715,Fear,0.6422
youtube,RvNgUW9MO5c,@DebasishThapa,Happy 2026 with this hit,2025-12-31T12:49:23Z,4,2026-02-21T11:18:42.457603,Positive,1,5.0,5,0.8367,Joy,0.7171
youtube,RvNgUW9MO5c,@ifeel_g,Raja Hindustani . Raja ek alpha GOODBYE aur,2025-12-31T10:42:13Z,1,2026-02-21T11:18:42.457603,Positive,1,5.0,5,0.5306,Neutral,0.8283
youtube,RvNgUW9MO5c,@ayushkaundal5077,Last track of 2025,2025-12-31T09:17:41Z,2,2026-02-21T11:18:42.457603,Neutral,0,2.5,5,0.8595,Neutral,0.8649
youtube,RvNgUW9MO5c,@the.darshit,Listening this before entering into 2026,2025-12-31T08:54:47Z,36,2026-02-21T11:18:42.457603,Neutral,0,2.5,5,0.548,Neutral,0.9418
youtube,RvNgUW9MO5c,@nartell_vision,â¤,2025-12-29T19:00:22Z,0,2026-02-21T11:18:42.457603,Positive,1,5.0,5,0.4629,Neutral,0.7885
youtube,RvNgUW9MO5c,@MrGamer001YT,Bhai ispe video song bnao please ğŸ˜¢ğŸ˜¢ğŸ˜¢â¤â¤â¤,2025-12-19T18:51:25Z,0,2026-02-21T11:18:42.457603,Positive,1,5.0,5,0.4048,Neutral,0.8178
youtube,RvNgUW9MO5c,@abnishkant7719,"Saanso ki baat karu yeh bas udhar chaiye,
Baaki karid rakha , jitna sansaar chaiye ,
Na tan pe kapda mehnga,Na mehngi car chaiye
Bas Ghar se nikalu ghar khule hazar chaiye
Those line...ğŸ˜˜ğŸ˜˜",2025-12-19T04:14:47Z,1,2026-02-21T11:18:42.457603,Positive,1,5.0,5,0.3629,Neutral,0.5357
youtube,RvNgUW9MO5c,@Delhi-ki-Life,Krsna bhai no bakchodi I feel ur lyricsâ¤â¤â¤ today is my birthday,2025-12-15T00:59:49Z,2,2026-02-21T11:18:42.457603,Positive,1,5.0,5,0.5759,Joy,0.7446
youtube,RvNgUW9MO5c,@prathameshff1194,its been a year and still the same,2025-12-05T10:42:39Z,15,2026-02-21T11:18:42.457603,Negative,-1,0.0,5,0.6968,Surprise,0.738
youtube,RvNgUW9MO5c,@ankurkumardatta210,King's lyrics with winter nights are the best comboâ¤ï¸,2025-11-22T20:16:44Z,11,2026-02-21T11:18:42.457603,Positive,1,5.0,5,0.8779,Neutral,0.7654
youtube,RvNgUW9MO5c,@kuldeeproy200,ğŸ™ŒğŸ”¥,2025-11-21T23:24:02Z,2,2026-02-21T11:18:42.457603,Positive,1,5.0,5,0.6009,Neutral,0.8545
youtube,RvNgUW9MO5c,@vishalverma-u9o,Or jo chapter me hr topic chore use bhi pdna Sikho king bhaiya,2025-11-16T05:53:56Z,5,2026-02-21T11:18:42.457603,Positive,1,5.0,5,0.3507,Neutral,0.7219
youtube,RvNgUW9MO5c,@NyashaRaj-s7r,â¤,2025-11-15T06:11:10Z,2,2026-02-21T11:18:42.457603,Positive,1,5.0,5,0.4629,Neutral,0.7885
youtube,RvNgUW9MO5c,@traveleryogibawa,One of the best mp3 i have ever lisanond,2025-11-01T17:55:23Z,4,2026-02-21T11:18:42.457603,Positive,1,5.0,5,0.8828,Joy,0.5842
youtube,RvNgUW9MO5c,@IVINHARTS,Bhai â¤â¤,2025-10-18T11:25:56Z,5,2026-02-21T11:18:42.457603,Positive,1,5.0,5,0.7178,Neutral,0.8982
youtube,RvNgUW9MO5c,@Raj_1side,Underrated song,2025-10-10T06:22:55Z,9,2026-02-21T11:18:42.457603,Positive,1,5.0,5,0.8765,Neutral,0.588
youtube,RvNgUW9MO5c,@x_gk_creation_x,I love this side of king ğŸ‘‘,2025-09-29T07:18:29Z,8,2026-02-21T11:18:42.457603,Positive,1,5.0,5,0.8858,Joy,0.9819
youtube,RvNgUW9MO5c,@meranit17,Lyrics â¤,2025-09-25T16:48:31Z,5,2026-02-21T11:18:42.457603,Positive,1,5.0,5,0.5029,Neutral,0.938
youtube,RvNgUW9MO5c,@IamTheTopper-el6tq,This is what underrated is,2025-09-20T12:40:21Z,6,2026-02-21T11:18:42.457603,Positive,1,5.0,5,0.8132,Neutral,0.682
youtube,RvNgUW9MO5c,@valtureff9867,à¤•à¤¿à¤¤à¤¨à¥€ à¤¬à¤¾à¤° à¤¸à¥ à¤¨à¥‚ à¤®à¤¨ à¤¹à¥€ à¤¨à¤¿ à¤­à¤°à¤¤à¤¾,2025-09-14T12:02:38Z,7,2026-02-21T11:18:42.457603,Positive,1,5.0,5,0.3559,Neutral,0.6478
youtube,RvNgUW9MO5c,@puneetshukla479,Best song from ğŸ‘‘,2025-09-12T08:52:32Z,3,2026-02-21T11:18:42.457603,Positive,1,5.0,5,0.9062,Joy,0.6364
youtube,RvNgUW9MO5c,@kmakash9521,ğŸ’ªğŸ’ª,2025-09-10T20:20:28Z,0,2026-02-21T11:18:42.457603,Neutral,0,2.5,5,0.4423,Neutral,0.8911
youtube,RvNgUW9MO5c,@parthsoni4687,Lyricsâ¤â€ğŸ”¥â¤â€ğŸ”¥â¤â€ğŸ”¥,2025-09-10T12:30:36Z,2,2026-02-21T11:18:42.457603,Positive,1,5.0,5,0.5374,Neutral,0.8011
youtube,RvNgUW9MO5c,@SamirAnsari-z3c,"Gjb yaar what the line man mtlb 
ğŸ˜³ğŸ˜³ğŸ˜³ 4 kmaya 3 bata usme se bhi ek mere hisse aaya ğŸ˜®",2025-09-06T17:06:33Z,5,2026-02-21T11:18:42.457603,Positive,1,5.0,5,0.3683,Neutral,0.3928
youtube,RvNgUW9MO5c,@JaiBalaniteamdopeskillz1155,ğŸ”¥,2025-09-03T11:07:52Z,1,2026-02-21T11:18:42.457603,Neutral,0,2.5,5,0.4151,Neutral,0.8912
youtube,RvNgUW9MO5c,@annimemedicine6275,Rocco is back ğŸ‘ğŸ‘ğŸ‘,2025-08-31T18:24:31Z,3,2026-02-21T11:18:42.457603,Positive,1,5.0,5,0.859,Neutral,0.8217
youtube,RvNgUW9MO5c,@arojitroy1807,I love king ğŸ‘‘,2025-08-30T16:49:31Z,2,2026-02-21T11:18:42.457603,Positive,1,5.0,5,0.8703,Joy,0.9705
youtube,RvNgUW9MO5c,@Srajanmusic,"I donâ€™t know how I missed this one, this is something that makes me feel like the old king is back! â¤",2025-08-27T07:03:17Z,5,2026-02-21T11:18:42.457603,Positive,1,5.0,5,0.8578,Neutral,0.3749
youtube,RvNgUW9MO5c,@TheRIsHi7002,Arpan bhaiya Goosebumps â¤ğŸ˜®,2025-08-15T16:59:33Z,2,2026-02-21T11:18:42.457603,Positive,1,5.0,5,0.6165,Neutral,0.8263
youtube,RvNgUW9MO5c,@ahnaftanvi1728,That old king type songâ¤ï¸â€ğŸ©¹,2025-08-08T05:05:46Z,4,2026-02-21T11:18:42.457603,Positive,1,5.0,5,0.7783,Neutral,0.7706
youtube,RvNgUW9MO5c,@dikshantrana501,ğŸ”¥ğŸ”¥ğŸ”¥,2025-07-31T16:32:19Z,2,2026-02-21T11:18:42.457603,Positive,1,5.0,5,0.4951,Neutral,0.7772
youtube,RvNgUW9MO5c,@Kartik___16,"Is saal khel ander nhi , is saal khel bahar hoga 
Aur aisa koi khel nhi hoga jisme Raja khel se bahar hoga ğŸ”¥âœŒğŸ»âœ¨",2025-07-31T00:09:53Z,10,2026-02-21T11:18:42.457603,Positive,1,5.0,5,0.4293,Fear,0.4232
youtube,RvNgUW9MO5c,@anselxxxx__ll,King is rap king ğŸ‘‘,2025-07-30T20:04:03Z,4,2026-02-21T11:18:42.457603,Positive,1,5.0,5,0.7912,Neutral,0.7682
youtube,RvNgUW9MO5c,@BeHappy-e6g,Lyrics ğŸ’¯ğŸ”¥,2025-07-30T19:13:55Z,1,2026-02-21T11:18:42.457603,Positive,1,5.0,5,0.6861,Neutral,0.7723
youtube,RvNgUW9MO5c,@SHAKTISINGH-hy8yj,â¤â¤â¤â¤â¤,2025-07-29T13:01:29Z,0,2026-02-21T11:18:42.457603,Positive,1,5.0,5,0.7308,Neutral,0.619
youtube,RvNgUW9MO5c,@jooybabamr.t3651,Sorry for.. late to listening this masterpiece â¤ğŸŒ™,2025-07-26T21:25:17Z,15,2026-02-21T11:18:42.457603,Positive,1,5.0,5,0.4506,Sadness,0.9309
youtube,RvNgUW9MO5c,@shaka773,The.  Box.  ğŸ‰ğŸ‰ğŸ‰ğŸ‰ğŸ‰ğŸ‰ğŸ‰ğŸ‰ğŸ‰,2025-07-26T13:57:05Z,2,2026-02-21T11:18:42.457603,Positive,1,5.0,5,0.7641,Neutral,0.6547
youtube,RvNgUW9MO5c,@SHR_Editzz,Rocco ğŸ¤™ğŸ»,2025-07-26T07:24:35Z,8,2026-02-21T11:18:42.457603,Positive,1,5.0,5,0.5942,Neutral,0.8129
youtube,RvNgUW9MO5c,@gwrihanyt82,"Verse 1]
Yeah, hase toh rona seekh
Mile toh khona seekh
Jo paap kare hi nahi
Unko bhi dhona seekh
Sapne perona seekh
Sapne ye maare cheekh
Apna apne ko kheeche
To apne se dur hona seekh
Haa meine kaha theek
Likh nahi raha geet
Main likh raha wahi jo tujhpe bhi raha beet
Itna kyu raha dheet
Jaisa bhi raha theek
Ne maanga baap se na maa se jeena liya seekh
Main khuddari leke apne baap se hu aaya
Apni maa ko jo dekha fir dil na kisi ka dukhaya
Mehnat sau guna kari tab jaake chaar guna kamaya
Jisme teen guna hai baanta mere hisse ek aya
Usme bhi meri tammana hai ke sabke saath baantu
Koi haal puch le to ruk ke main bhi waqt kaatu
Unche khayal puch le neechi misaal main na aankhun
Iss fikar se hun pare ke dil ka hissa kisse baantu
Khair!
Chorus]
I can't stop thinking about it
I cannot tell how it feels
Staying alive is my only passion
Living life is my only dream

[Verse 2]
Saanso ki baat karu
Ye bas udhaar chahiye
Baaki khareed rakha hai
Jitna sansaar chahiye
Na tan pe kapda mehnga
Na mehngi car chahiye
Jab ghar se bhookha niklu
Ghar khulle hazzar chahiye
Dosti jo mehngi na pade ek aisa yaar chahiye
Dost ko jo mehnga lage vo cheez laao chaar chahiye
Na mujhe dikhna kahin, na ishtehaar chahiye
Bas jab bhi mujhe dekho to dikhega pyaar chahiye
Main chhod chuka sapna dekhna bahaaro ka
Jab duniya gol hai bahana kyu kinaaro ka
Main shayad ghol ke piyu ghamand sitaaro ka
Hum ek se nahi kyuki farak hai vichaaro ka
Ye khel andar nahi
Is saal bahaar hoga
Koi saal aisa nai jo raja khel se bahar hoga
Koi saaz aisa nai jo dil mein aake bahar hoga
Ek haath mein mic hoga
Ek mein guitar hoga

[Chorus]
I can't stop thinking about it
I cannot tell how it feels
Staying alive is my only passion
Living life is my only dream

You might also like",2025-07-25T18:36:22Z,18,2026-02-21T11:18:42.457603,Neutral,0,2.5,5,0.3869,Neutral,0.595
youtube,RvNgUW9MO5c,@gwrihanyt82,bro why im so late to listening this masterpiece ğŸ˜¢,2025-07-25T18:16:29Z,8,2026-02-21T11:18:42.457603,Negative,-1,0.0,5,0.8692,Surprise,0.4743
youtube,RvNgUW9MO5c,@disunique6107,ğŸ˜Œ,2025-07-25T17:33:28Z,1,2026-02-21T11:18:42.457603,Neutral,0,2.5,5,0.4591,Neutral,0.8178
youtube,RvNgUW9MO5c,@NareshBhatta-y3j,After rapbot videoğŸ˜Š,2025-07-25T16:21:12Z,83,2026-02-21T11:18:42.457603,Positive,1,5.0,5,0.5438,Neutral,0.8345
youtube,RvNgUW9MO5c,@-Deep_kaur.,Sir you are my favourite ğŸ˜‡ğŸ™ğŸ½,2025-07-25T08:31:17Z,3,2026-02-21T11:18:42.457603,Positive,1,5.0,5,0.8845,Neutral,0.5527
youtube,RvNgUW9MO5c,@SabirKhan-p7f,Big fan bro â¤,2025-07-22T19:51:10Z,0,2026-02-21T11:18:42.457603,Positive,1,5.0,5,0.892,Neutral,0.7879
youtube,RvNgUW9MO5c,@Viral_video-dw9bc,What a lyrics ğŸ”¥ğŸ”¥,2025-07-19T23:06:12Z,4,2026-02-21T11:18:42.457603,Positive,1,5.0,5,0.8942,Surprise,0.5682
youtube,RvNgUW9MO5c,@AdGondal-zg3ne,"Watching from PAF BASE SARGODHA, PAKISTAN ğŸ‰",2025-07-14T14:03:09Z,4,2026-02-21T11:18:42.457603,Neutral,0,2.5,5,0.5189,Joy,0.9148
youtube,RvNgUW9MO5c,@himanshukashyap708,is saal bohot tagdi chizey aaney waali hai,2025-07-13T15:40:52Z,4,2026-02-21T11:18:42.457603,Positive,1,5.0,5,0.3739,Joy,0.4845
youtube,RvNgUW9MO5c,@Ganesh_barman37,ğŸ”¥ğŸ”¥ğŸ’¯.King ğŸ‘‘,2025-07-12T08:36:31Z,1,2026-02-21T11:18:42.457603,Positive,1,5.0,5,0.7719,Neutral,0.6792
youtube,RvNgUW9MO5c,@Deepak-g2n5h,Tu shi likhra mere pe bhi raha beet,2025-07-10T13:33:29Z,1,2026-02-21T11:18:42.457603,Positive,1,5.0,5,0.3458,Neutral,0.7788
youtube,RvNgUW9MO5c,@Deepak-g2n5h,0:30 bhai dil chu liya ğŸ’«,2025-07-10T13:32:50Z,7,2026-02-21T11:18:42.457603,Positive,1,5.0,5,0.3907,Neutral,0.7618
youtube,RvNgUW9MO5c,@GoluSahu-u1b,King tujhme aur mujh me zara bhi fark nahi h,2025-07-09T21:54:42Z,3,2026-02-21T11:18:42.457603,Neutral,0,2.5,5,0.3494,Neutral,0.578
youtube,RvNgUW9MO5c,@GoluSahu-u1b,Thank you king jo tu mere life se jude gane banata,2025-07-09T21:50:09Z,1,2026-02-21T11:18:42.457603,Positive,1,5.0,5,0.51,Joy,0.6838
youtube,RvNgUW9MO5c,@ravimonu123b,Kiya likhate ho bhai,2025-07-09T16:50:43Z,2,2026-02-21T11:18:42.457603,Positive,1,5.0,5,0.3622,Neutral,0.54
youtube,RvNgUW9MO5c,@harshithedi6418,mile toh khona seekh ğŸ¤Œ,2025-07-04T06:09:14Z,2,2026-02-21T11:18:42.457603,Neutral,0,2.5,5,0.3508,Joy,0.5162
youtube,RvNgUW9MO5c,@vishaldilwan1,Khona sikh,2025-06-27T16:13:51Z,2,2026-02-21T11:18:42.457603,Negative,-1,0.0,5,0.7641,Neutral,0.519
youtube,RvNgUW9MO5c,@vishaldilwan1,Apno se door hona Sikh ğŸ˜¢,2025-06-27T16:10:20Z,2,2026-02-21T11:18:42.457603,Negative,-1,0.0,5,0.8258,Neutral,0.8076
youtube,RvNgUW9MO5c,@vishaldilwan1,Koi haal push le,2025-06-27T16:08:53Z,4,2026-02-21T11:18:42.457603,Neutral,0,2.5,5,0.3571,Neutral,0.8198
youtube,RvNgUW9MO5c,@Mijar_Reacts,Reels dekh ke kon kon aaya h,2025-06-26T15:29:30Z,5,2026-02-21T11:18:42.457603,Neutral,0,2.5,5,0.3762,Disgust,0.6341
youtube,RvNgUW9MO5c,@MukaddisAlam-iw3uk,Alpha s,2025-06-26T09:56:34Z,2,2026-02-21T11:18:42.457603,Neutral,0,2.5,5,0.4621,Neutral,0.8226
youtube,RvNgUW9MO5c,@naveen9464,Thanks raja â¤â¤ for giving this masterpiece ğŸ˜¢,2025-06-25T16:35:11Z,3,2026-02-21T11:18:42.457603,Positive,1,5.0,5,0.7159,Joy,0.5527
youtube,RvNgUW9MO5c,@iamsaru-g8l,Lyrics..... ğŸ”¥ğŸ”¥ğŸ”¥,2025-06-21T17:44:10Z,3,2026-02-21T11:18:42.457603,Positive,1,5.0,5,0.7799,Neutral,0.8378
youtube,RvNgUW9MO5c,@ashutoshtiwari0201,Just wow ğŸ”¥,2025-06-14T02:36:56Z,6,2026-02-21T11:18:42.457603,Positive,1,5.0,5,0.8466,Surprise,0.9369
youtube,RvNgUW9MO5c,@SondaravaPrashant,"Woooo ğŸ”¥ğŸ”¥ğŸ”¥ğŸ”¥
Kinggggg ğŸŒŸğŸ’ğŸ‘‘â¤ï¸",2025-06-10T18:35:30Z,4,2026-02-21T11:18:42.457603,Positive,1,5.0,5,0.9082,Neutral,0.4222
youtube,RvNgUW9MO5c,@Hariom-m4n8y,Pehle verse ne goosebumps ğŸ§¿ğŸª¬ğŸ§¿â™¾ï¸ğŸ¤ŸğŸ¥¶,2025-06-10T18:28:35Z,5,2026-02-21T11:18:42.457603,Positive,1,5.0,5,0.4364,Joy,0.4033
youtube,RvNgUW9MO5c,@Hariom-m4n8y,Why this master peace song on tremding pageğŸ˜¢,2025-06-10T18:28:00Z,6,2026-02-21T11:18:42.457603,Negative,-1,0.0,5,0.9041,Neutral,0.4555
youtube,RvNgUW9MO5c,@MC___69,1:35 ğŸ—£,2025-06-04T10:01:06Z,11,2026-02-21T11:18:42.457603,Neutral,0,2.5,5,0.743,Neutral,0.8806
youtube,RvNgUW9MO5c,@Emirayjhakas-x8k,Dil se suport,2025-06-04T04:29:09Z,3,2026-02-21T11:18:42.457603,Positive,1,5.0,5,0.3447,Neutral,0.7924
youtube,RvNgUW9MO5c,@bhattibhumit992,Lyrics..... ğŸ”¥ğŸ”¥ğŸ”¥,2025-06-02T01:24:25Z,1,2026-02-21T11:18:42.458599,Positive,1,5.0,5,0.7799,Neutral,0.8378
youtube,RvNgUW9MO5c,@RAHULYADAV-zz4us,Sir ma way bigger Bala lark hu sir please help me,2025-05-20T11:18:21Z,8,2026-02-21T11:18:42.458599,Positive,1,5.0,5,0.3733,Neutral,0.5144
youtube,RvNgUW9MO5c,@gauravbhandari3849,"Love from bkpâ¤â¤â¤
We understand you",2025-05-15T15:14:42Z,10,2026-02-21T11:18:42.458599,Positive,1,5.0,5,0.7811,Neutral,0.6515
youtube,RvNgUW9MO5c,@ayushkaundal5077,Haters be ready ğŸ˜‚,2025-05-14T10:25:58Z,6,2026-02-21T11:18:42.458599,Neutral,0,2.5,5,0.396,Neutral,0.6419
youtube,RvNgUW9MO5c,@adityachoudhary811,king bhai please drop these kinda songs sometimes (old king) i love it...,2025-05-13T21:34:17Z,7,2026-02-21T11:18:42.458599,Positive,1,5.0,5,0.7123,Neutral,0.6524
youtube,RvNgUW9MO5c,@RehanKhan-ok5yd,DINO BHAYğŸ«‚âœï¸ğŸ”¥,2025-05-13T17:40:59Z,3,2026-02-21T11:18:42.458599,Positive,1,5.0,5,0.5766,Neutral,0.865
youtube,RvNgUW9MO5c,@tushertriptovevo1337,"Ya Hase To Rona Seekh, Mile To Khona Seekh
Jo Paap Kare Hi Nahi, Unko Bhi Dhona Seekh
Sapne Pe Rona Seekh, Sapne Ye Maare Cheekh
Apna Apne Ko Kheenche To Apnon Se Door Hona Seekh

Haan, Maine Kaha Theek Likh Nahi Raha Geet
Main Likh Raha Wahi Jo Tujh Pe Bhi Raha Beet
Itna Kyun Raha Dheeth, Jaisa Bhi Raha Theek
Na Maanga Baap Se, Na Maa Se Jeena Liya Seekh

Main Khudari Leke Apne Baap Se Hoon Aaya
Apni Maa Ko Jo Dekha, Phir Dil Na Kisi Ka Dukhaya
Mehnat 100 Guna Kari Tab Jaake Chaar Guna Kamaya
Jismein Teen Guna Hai Baanta, Mere Hisse Ek Aaya

Usmein Bhi Meri Tamanna Hai Ki Sabke Sath Baantun
Koi Haal Pooch Le, To Ruk Ke Main Bhi Waqt Kaatun
Mukhyaal Pooch Le, Neeche Misaal Main Na Aankoon
Is Fikr Se Hoon, Par Ek Dil Ka Hissa Kisse Baantun

Khair, I Canâ€™t Stop Thinking About It
I Cannot Tell How It Feels
Staying Alive Is My Only Deal

Saanson Ki Baat Karoon, Ye Bas Udhaar Chahiye
Baaki Khareed Rakha Hai Jitna Sansaar Chahiye
Na Tan Pe Kapda Mehenga, Na Mehengi Car Chahiye
Jab Ghar Se Bhookha Niklo, Ghar Khule Hazar Chahiye

Dosti Jo Mehengi Na Pade, Ek Aisa Yaar Chahiye
Dost Ko Jo Mehenga Lage, Wo Cheez Lauchar Chahiye
Na Mujhe Dikhna Kahin, Na Ishtahaar Chahiye
Bas Jab Bhi Mujhe Dekho To Dikhega Pyaar Chahiye

Main Chhod Chuka Sapna Dekhna Baharon Ka
Jab Duniya Gol Hai, Bahaana Kyunki Naar Ka
Main Shayad Khol Ke Piu Ghamand Sitayon Ka
Hum Ek Se Nahi, Kyunki Fark Hai Vichaaron Ka

Yeh Khel Andar Nahi, Is Saal Baahar Hoga
Koi Saal Aisa Nahi, Jo Raja Khel Se Baahar Hoga
Koi Saaz Aisa Nahi, Jo Dil Mein Aake Baahar Hoga
Ek Haath Mein Mic Hoga, Ek Mein Guitar Hoga

I Canâ€™t Stop Thinking About It
I Cannot Tell How It Feels
Staying Alive Is My Only Deal",2025-05-13T17:02:24Z,4,2026-02-21T11:18:42.458599,Neutral,0,2.5,5,0.4167,Neutral,0.4335
youtube,RvNgUW9MO5c,@m_csultan,dalleğŸ˜‚,2025-05-08T17:21:23Z,2,2026-02-21T11:18:42.458599,Neutral,0,2.5,5,0.4171,Neutral,0.8512
youtube,RvNgUW9MO5c,@ParthDhar-z5j,king is in the â¤ï¸â€ğŸ”¥â¤ï¸â€ğŸ”¥â¤ï¸â€ğŸ”¥â¤ï¸â€ğŸ”¥,2025-05-08T06:20:57Z,2,2026-02-21T11:18:42.458599,Positive,1,5.0,5,0.7537,Neutral,0.5129
youtube,RvNgUW9MO5c,@debanjanupadhyay6774,Raja â¤,2025-05-04T15:06:13Z,2,2026-02-21T11:18:42.458599,Positive,1,5.0,5,0.5822,Neutral,0.8803
youtube,RvNgUW9MO5c,@satpalsingh1449,BruhhğŸ”¥ğŸ”¥ğŸ”¥,2025-05-04T13:10:28Z,2,2026-02-21T11:18:42.458599,Positive,1,5.0,5,0.5705,Neutral,0.7337
youtube,RvNgUW9MO5c,@MohammadMaruf-u1y,What a song Broh..!!!ğŸ’—,2025-05-04T06:03:40Z,1,2026-02-21T11:18:42.458599,Positive,1,5.0,5,0.9178,Surprise,0.7626
youtube,RvNgUW9MO5c,@souryadeepsingha5906,Old king is back,2025-05-03T19:38:21Z,5,2026-02-21T11:18:42.458599,Positive,1,5.0,5,0.702,Neutral,0.8868
youtube,RvNgUW9MO5c,@Ankitvishwakarma-r1s,Honestly production pe dhiyan dena chahiye tha but flow lit he ...but sound me similar kar raha he king Bhai ke song se ...,2025-05-01T19:24:12Z,2,2026-02-21T11:18:42.458599,Positive,1,5.0,5,0.3815,Neutral,0.6611
youtube,RvNgUW9MO5c,@abhisheknegi5026,Tommorow landâ¤,2025-04-28T03:46:59Z,1,2026-02-21T11:18:42.458599,Positive,1,5.0,5,0.709,Neutral,0.9118
youtube,RvNgUW9MO5c,@neetu_1,â¤â¤â¤â¤â¤ğŸ˜ŠğŸ˜ŠğŸ˜ŠğŸ˜ŠğŸ˜ŠğŸ˜Š,2025-04-23T08:02:34Z,1,2026-02-21T11:18:42.458599,Positive,1,5.0,5,0.8457,Neutral,0.7052
youtube,RvNgUW9MO5c,@dilkanekAPSJadon,Kon kon insta se aya â¤,2025-04-22T17:48:21Z,2,2026-02-21T11:18:42.458599,Positive,1,5.0,5,0.549,Neutral,0.7557
youtube,RvNgUW9MO5c,@IdrisShaikh05,ğŸ’¢â¤ï¸â€ğŸ”¥ğŸ’”,2025-04-12T19:42:56Z,1,2026-02-21T11:18:42.458599,Negative,-1,0.0,5,0.8516,Neutral,0.5764
youtube,RvNgUW9MO5c,@HarshWasann,My fav king track,2025-04-10T18:23:20Z,2,2026-02-21T11:18:42.458599,Positive,1,5.0,5,0.8955,Joy,0.7135
youtube,RvNgUW9MO5c,@mrgagan4717,Bhai iski video bnao yrr,2025-04-06T10:14:38Z,5,2026-02-21T11:18:42.458599,Negative,-1,0.0,5,0.3378,Joy,0.3522
youtube,RvNgUW9MO5c,@BilalKhan-r5r1f,Asli hip hop yha hi,2025-04-05T05:01:11Z,2,2026-02-21T11:18:42.458599,Neutral,0,2.5,5,0.4055,Joy,0.5796
youtube,RvNgUW9MO5c,@OmKumarB,2025 April,2025-04-05T03:11:04Z,1,2026-02-21T11:18:42.458599,Neutral,0,2.5,5,0.7385,Neutral,0.881
