source,video_id,author,text,published_at,like_count,fetched_at
youtube,hZHzxvR9yvE,@saniya_cloth_House_bawana,Bekar h sala fash gaya leke me to,2026-02-14T17:17:39Z,0,2026-02-21T08:47:37.007232
youtube,hZHzxvR9yvE,@amitt1013,Service bohot bekar hai bhai sach me ola lekar ab pachta rha hu maine galti krdi,2026-02-10T14:46:27Z,0,2026-02-21T08:47:37.007232
youtube,hZHzxvR9yvE,@hiteshkumarchannel6307,We are scrapping ola after 3 years of torture,2026-02-07T19:02:54Z,0,2026-02-21T08:47:37.007232
youtube,hZHzxvR9yvE,@kapiljagyasi3969,Bed servis moter ded 6 month waiting time,2026-02-07T17:42:59Z,0,2026-02-21T08:47:37.007232
youtube,hZHzxvR9yvE,@naninani9155,"I bought Ola electric, since I buy so many complaints , break downs, but their service is nightmare for me , 60days ago I have given my vehicle as some part stopped working but yet no response resolution, as the staff are very rude when it will complete they don't reply don't speak no Customer care no point of contact nothing they saw you like a dog on street.... Pls don't buy Ola electric, I am suffering.",2026-02-05T10:41:11Z,0,2026-02-21T08:47:37.007232
youtube,hZHzxvR9yvE,@jaiminpatel4280,Bakwas hai india main sabse bada frod kiya hai,2026-01-30T15:45:40Z,0,2026-02-21T08:47:37.007232
youtube,hZHzxvR9yvE,@AzGaMe08,Very bad,2026-01-17T14:56:26Z,0,2026-02-21T08:47:37.007232
youtube,hZHzxvR9yvE,@dr.firozshaikh4323,Service part is to bad my suggestion don‚Äôt buy this company any scooter,2026-01-15T21:08:42Z,0,2026-02-21T08:47:37.007232
youtube,hZHzxvR9yvE,@jtsrinivastube,Ola Bhavesh is next level legal scammer in india. üòÇ,2026-01-12T13:48:58Z,0,2026-02-21T08:47:37.007232
youtube,hZHzxvR9yvE,@narendranayak3439,Poor service.,2026-01-10T11:37:42Z,0,2026-02-21T08:47:37.007232
youtube,hZHzxvR9yvE,@shaileshmore7996,‡§´‡§æ‡§≤‡§§‡•Ç ‡§∏‡§∞‡•ç‡§µ‡§ø‡§∏,2026-01-09T07:04:07Z,0,2026-02-21T08:47:37.007232
youtube,hZHzxvR9yvE,@mukeshrambhade9327,‡§Æ‡•à‡§Ç ‡§π‡•ã‡§®‡•á ‡§µ‡§æ‡§≤‡•á ‡§ï‡•á ‡§ä‡§™‡§∞ ‡§ï‡•á‡§∏ ‡§ï‡§∞ ‡§¶‡•ã ‡§∏‡§∞‡•ç‡§µ‡§ø‡§∏ ‡§¨‡§π‡•Å‡§§ ‡§¨‡•á‡§ï‡§æ‡§∞ ‡§π‡•à,2026-01-07T04:17:31Z,0,2026-02-21T08:47:37.007232
youtube,hZHzxvR9yvE,@chhoteLal-s3r,5mant service center per khadi hai,2026-01-06T11:21:30Z,2,2026-02-21T08:47:37.007232
youtube,hZHzxvR9yvE,@Dev-ur4bl,Third class,2026-01-05T18:02:00Z,0,2026-02-21T08:47:37.007232
youtube,hZHzxvR9yvE,@hitendutt5,Koi to ola ki service better boloüòÇüòÇüòÇüòÇ,2026-01-01T09:47:27Z,0,2026-02-21T08:47:37.007232
youtube,hZHzxvR9yvE,@munafpatel1254,"Bhai ola mat kharidna 
120k barbad hojayenge 
Ola service center me more then 2 months se scoter laga hua hai abhitak no response 
 Don't purchase ola",2025-12-29T17:13:08Z,0,2026-02-21T08:47:37.007232
youtube,hZHzxvR9yvE,@lxgdevilyt3409,Every month my ola travels service center rajwada ichalkaranji and 2months waitning and again same issue,2025-12-24T03:56:45Z,2,2026-02-21T08:47:37.007232
youtube,hZHzxvR9yvE,@ehtesham6079,VVV POOR,2025-12-21T12:02:35Z,0,2026-02-21T08:47:37.007232
youtube,hZHzxvR9yvE,@iamwish09,Ladwa,2025-12-19T18:09:27Z,0,2026-02-21T08:47:37.007232
youtube,hZHzxvR9yvE,@KvgoneKotturi,I never given for servicing. But Scooty is fine.,2025-12-18T09:07:58Z,0,2026-02-21T08:47:37.007232
youtube,hZHzxvR9yvE,@hardevkhambhra5870,"Third class, no any answer fro customer service center",2025-12-15T16:26:00Z,0,2026-02-21T08:47:37.007232
youtube,hZHzxvR9yvE,@harshitkaushik2589,Sach mein bakwas hai,2025-12-12T13:23:37Z,0,2026-02-21T08:47:37.007232
youtube,hZHzxvR9yvE,@shashankrgowda2211,Worst of worst....better kindly don't buy it,2025-12-11T06:54:12Z,0,2026-02-21T08:47:37.007232
youtube,hZHzxvR9yvE,@neetumethil4518,Yes absolutely bad,2025-12-09T11:53:14Z,0,2026-02-21T08:47:37.007232
youtube,hZHzxvR9yvE,@mithunn5545,"Every time I visit ola service centre I regret buying it , matlab they ignore us we have to wait for hours just to tell ur problem and handover scooter to them",2025-12-03T04:59:57Z,0,2026-02-21T08:47:37.007232
youtube,hZHzxvR9yvE,@Chirag.Gaba07,"I year experience of my ola s1 air 
I am satisfied with my ola starting 1 month problem in screen honging but after some update no problem no part change glitch software glitch overall Good experience according to a hightech electric vehicle with dense features at a nominal price",2025-12-01T15:12:54Z,0,2026-02-21T08:47:37.007232
youtube,hZHzxvR9yvE,@mbvlog3555,Very bad very bad,2025-12-01T14:03:26Z,0,2026-02-21T08:47:37.007232
youtube,hZHzxvR9yvE,@dharshand9159,Not bad very very very very very very to the power of 1000000000000000000000000000 ver bad,2025-11-26T18:06:40Z,0,2026-02-21T08:47:37.007232
youtube,hZHzxvR9yvE,@drnirakarmeher7598,Faltu service,2025-11-26T15:04:59Z,0,2026-02-21T08:47:37.007232
youtube,hZHzxvR9yvE,@sagargaikwad346,Not available,2025-11-20T04:55:14Z,0,2026-02-21T08:47:37.007232
youtube,hZHzxvR9yvE,@syedanis1,"Worst worst worst service and response at chennai , they are treating us like a fool",2025-11-19T12:02:11Z,0,2026-02-21T08:47:37.007232
youtube,hZHzxvR9yvE,@dharmendraparihar3356,Bhool kar bhi. Na le,2025-11-18T14:41:32Z,0,2026-02-21T08:47:37.007232
youtube,hZHzxvR9yvE,@mintutandi,"Very bad service, my ola is at service centre from 70 days regarding motor replacement.",2025-11-17T08:17:13Z,0,2026-02-21T08:47:37.007232
youtube,hZHzxvR9yvE,@DesiMelodyStudio21,Service is very Bade üò¢,2025-11-16T15:29:45Z,0,2026-02-21T08:47:37.007232
youtube,hZHzxvR9yvE,@RKVENTURES-s1f,service center bad,2025-11-15T13:49:36Z,0,2026-02-21T08:47:37.007232
youtube,hZHzxvR9yvE,@Nowsarkhan,I dropped my ola service centre and resolved in 2 months,2025-11-14T15:20:49Z,0,2026-02-21T08:47:37.007232
youtube,hZHzxvR9yvE,@mylifelinexx88,Bekar he bese,2025-11-09T16:28:07Z,0,2026-02-21T08:47:37.007232
youtube,hZHzxvR9yvE,@rizwannos886,Thodi si waiting,2025-11-06T17:50:59Z,0,2026-02-21T08:47:37.007232
youtube,hZHzxvR9yvE,@rizwannos886,Bhai acchi hai service kurla me,2025-11-06T17:50:49Z,0,2026-02-21T08:47:37.007232
youtube,hZHzxvR9yvE,@Devathakur22,Bahut bekar,2025-11-05T09:04:22Z,0,2026-02-21T08:47:37.007232
youtube,hZHzxvR9yvE,@kahaniodisha,"Not bad, my dear, it's worse.",2025-11-03T14:21:51Z,0,2026-02-21T08:47:37.007232
youtube,hZHzxvR9yvE,@sagarmane425,Worst service my bike sitting since 3 months in center.,2025-11-01T04:43:27Z,0,2026-02-21T08:47:37.007232
youtube,hZHzxvR9yvE,@mayurbhanage4784,"MCU, BMS, HANDLE LOCK, ALREADY CHANGED AND NOW SCOOTER IS SERVICE CENTRE FROM LAST 22 AUGUST 2025 FOR BATTERY REPLACEMENT.
ALMOST EVERYTHING REPLACED IN MY AIRüòê",2025-10-28T14:24:09Z,0,2026-02-21T08:47:37.007232
youtube,hZHzxvR9yvE,@kishanreddy428ffff,Very bad experience,2025-10-26T12:22:24Z,0,2026-02-21T08:47:37.007232
youtube,hZHzxvR9yvE,@IrfanAli-el9sk,"Ola brand Kaun kharidta Hai Jo chutiya aur Garib Hota Hai, 
Samajhdar aur bade log yah company Kabhi Nahin kharidega, Garib logon ka gadi service centre per pada hai, ola company se Garib log to jhagada nahin kar sakta hai",2025-10-24T17:09:25Z,0,2026-02-21T08:47:37.007232
youtube,hZHzxvR9yvE,@IrfanAli-el9sk,"Aap 200000 Laga Lo Ya 400000,lene ke bad log Galiyan hi dega",2025-10-24T17:07:58Z,0,2026-02-21T08:47:37.007232
youtube,hZHzxvR9yvE,@IrfanAli-el9sk,Service centre ka behaviour bahut hi bekar hai,2025-10-24T17:07:16Z,0,2026-02-21T08:47:37.007232
youtube,hZHzxvR9yvE,@IrfanAli-el9sk,Service centre full bekar hai aap Agar service ko dete ho to Aur Bhi gadiyan kharab ho jata hai Rakhe Rakhe battery bhi,2025-10-24T17:06:57Z,0,2026-02-21T08:47:37.007232
youtube,hZHzxvR9yvE,@lakshmikantabag2920,"Costromar service very bad
Ola is 3rd class scooter bike",2025-10-23T13:52:19Z,0,2026-02-21T08:47:37.007232
youtube,hZHzxvR9yvE,@pabitrasamanta5513,Service bohot kharap he,2025-10-22T19:52:41Z,0,2026-02-21T08:47:37.007232
youtube,SZSA34IMlVE,@hiteshkumarchannel6307,I'm scrapping my ola vehicle,2026-02-07T18:41:57Z,1,2026-02-21T08:47:37.580538
youtube,SZSA34IMlVE,@chhoteLal-s3r,5manth se sarvic sentar pe khadi hai gadi meri,2026-01-03T01:08:54Z,0,2026-02-21T08:47:37.580538
youtube,SZSA34IMlVE,@rakeshmalav9557,Ola sabse jyada gatiya campani,2025-09-23T05:53:37Z,0,2026-02-21T08:47:37.580538
youtube,SZSA34IMlVE,@Pralaymondal190,How to buy it,2025-09-11T12:38:48Z,0,2026-02-21T08:47:37.580538
youtube,SZSA34IMlVE,@lovelyrajputvlooger9565,Aur parts bhi varry coslatly,2025-06-27T04:27:08Z,0,2026-02-21T08:47:37.580538
youtube,SZSA34IMlVE,@Neha_Sharm,Sahee yar service is very baadüòÆ,2025-05-16T13:41:31Z,0,2026-02-21T08:47:37.580538
youtube,SZSA34IMlVE,@ashishpimpalshende8754,Sabse Ghatiya service hai,2025-04-08T11:17:17Z,0,2026-02-21T08:47:37.580538
youtube,SZSA34IMlVE,@dheereshbajpaidheereshbajp6269,Service ke liye nahi repairing ke liye aaye hai,2025-02-03T15:41:22Z,1,2026-02-21T08:47:37.580538
youtube,SZSA34IMlVE,@Vishalmehta_don,Never buy OLA bikes.,2024-09-15T13:33:35Z,0,2026-02-21T08:47:37.580538
youtube,SZSA34IMlVE,@ShivaniYadav-k4c,Ola,2024-09-12T02:39:19Z,1,2026-02-21T08:47:37.580538
youtube,-f4grC5ayTQ,@yt_electricstory,"My Shopping Story Group : 
https://chat.whatsapp.com/HqUZesz8wwS9lwkHMljsL2?mode=ac_t",2025-11-03T05:41:04Z,0,2026-02-21T08:47:38.237244
youtube,-f4grC5ayTQ,@onu............,Both r mad###,2026-02-16T10:33:10Z,0,2026-02-21T08:47:38.237244
youtube,-f4grC5ayTQ,@samgodman3322,Join,2026-01-20T21:00:38Z,0,2026-02-21T08:47:38.237244
youtube,-f4grC5ayTQ,@dipbandubanerjee5780,Join,2025-12-12T22:07:05Z,0,2026-02-21T08:47:38.237244
youtube,-f4grC5ayTQ,@ShaikismailShaikismail-hw2wi,Join,2025-12-05T21:14:29Z,0,2026-02-21T08:47:38.237244
youtube,-f4grC5ayTQ,@patrabharatiya,Bhai don't buy ola ekbar service centre jao phir dekho üëç,2025-12-01T02:00:06Z,1,2026-02-21T08:47:38.237244
youtube,-f4grC5ayTQ,@ankurcoco,"I am writing to express my frustration regarding the delay in the delivery of my Ola Roadster 2.5 kW variant, which I booked on September 24, 2025. I uploaded all the necessary documents and made the full payment on the same day. At that time, the estimated delivery date was October 7, 2025, but I have yet to receive my vehicle.

Despite my efforts to resolve this issue, I have been unsuccessful in obtaining any information. I have called customer support daily, sent several emails, and raised a ticket through the Ola app, but I have not received any response. When I do manage to reach customer care, I often find myself waiting for hours, only to be told that the concerns team will call me back. Unfortunately, I have never received a follow-up call.

This ongoing situation has caused me significant mental distress. I feel as though purchasing an Ola vehicle was a mistake due to the lack of support and resolution. It is incredibly frustrating to wait on the phone for hours, only to be left in the dark about my delivery.

I am particularly concerned about the repeated delays and have requested to cancel my order and receive a refund. However, my request has not been accommodated, leaving me without a vehicle and without a refund. I don't understand why there has been such a lengthy delay in the delivery of my bike, especially since it was supposedly dispatched approximately two months ago. This raises concerns about whether this is a scam, as my bike has not arrived at my nearest showroom. 

Given these issues, I worry that if the bike breaks down in the future, it will take a considerable amount of time to have it serviced, potentially leading to my entire warranty expiring.

At this point, I feel I have no option left but to file a case with the consumer forum.
Order ID- OET-947023220240925-GYA600",2025-11-25T08:11:24Z,0,2026-02-21T08:47:38.237244
youtube,-f4grC5ayTQ,@rajkumarshaw5092,Part 2 modi,2025-11-24T14:16:14Z,1,2026-02-21T08:47:38.237244
youtube,-f4grC5ayTQ,@pintu17oct,Chutiya banane ka scheme hai salo ko paisa banana hai isliye warna partover price nahi rahte or kam rate mein showroom mein available hota,2025-11-11T12:56:28Z,0,2026-02-21T08:47:38.237244
youtube,-f4grC5ayTQ,@arsalanshaikh-k9d,Every month service ...mast ...ola cab hi mast hai bhai ... üö≥,2025-11-10T06:53:34Z,1,2026-02-21T08:47:38.237244
youtube,-f4grC5ayTQ,@altgames9763,üòÇüòÇüòÇüòÇ,2025-11-08T04:04:08Z,1,2026-02-21T08:47:38.237244
youtube,-f4grC5ayTQ,@bhanubehera9100,Third grade company service..,2025-11-07T10:13:39Z,1,2026-02-21T08:47:38.237244
youtube,-f4grC5ayTQ,@Technicalsheeksha,Ather is best part are very reasonable and service is fast and scooter is strong build quality personal experience,2025-11-07T01:23:34Z,1,2026-02-21T08:47:38.237244
youtube,-f4grC5ayTQ,@suhassuhas69,üòÇ,2025-11-06T13:21:42Z,0,2026-02-21T08:47:38.237244
youtube,-f4grC5ayTQ,@francisappu3491,Bro Ola s1x key variant not available broüò¢üò¢üò¢,2025-11-06T08:30:01Z,1,2026-02-21T08:47:38.237244
youtube,-f4grC5ayTQ,@SunilKumar-fu6et,‡§≠‡§æ‡§à ‡§Æ‡•á‡§∞‡§æ ‡§Æ‡•ã‡§ü‡§∞ ‡§ï‡§¨ ‡§¨‡§®‡•á‡§ó‡§æ 2 ‡§Æ‡§π‡•Ä‡§®‡§æ ‡§π‡•ã ‡§ó‡§Ø‡§æ ‡§∏‡•ç‡§ï‡•Ç‡§ü‡§∞ ‡§¶‡§ø‡§è ‡§π‡•Å‡§è ‡§ú‡§ø‡§≤‡§æ ‡§Æ‡•Å‡§ú‡§´‡•ç‡§´‡§∞‡§®‡§ó‡§∞ ‡§∏‡•Å‡§®‡•Ä‡§≤ ‡§ï‡•Å‡§Æ‡§æ‡§∞ ‡§ï‡•á ‡§®‡§æ‡§Æ ‡§∏‡•á,2025-11-05T13:25:25Z,1,2026-02-21T08:47:38.237244
youtube,-f4grC5ayTQ,@SunilKumar-fu6et,‡§Ö‡§∞‡•á ‡§≠‡§æ‡§à ‡§Æ‡•á‡§∞‡•Ä ‡§∏‡•ç‡§ï‡•Ç‡§ü‡§∞ ‡§ï‡•ã ‡§∞‡§ñ‡§æ ‡§π‡•Å‡§Ü 2 ‡§Æ‡§π‡•Ä‡§®‡•á ‡§∏‡•á ‡§ú‡•ç‡§Ø‡§æ‡§¶‡§æ ‡§π‡•ã ‡§ó‡§Ø‡§æ ‡§Æ‡•ã‡§ü‡§∞ ‡§¨‡§¶‡§≤ ‡§ï‡§∞ ‡§®‡§π‡•Ä‡§Ç ‡§¶‡•á ‡§∞‡§π‡•á ‡§π‡•à‡§Ç ‡§Ö‡§≠‡•Ä ‡§µ‡§æ‡§∞‡§Ç‡§ü‡•Ä ‡§Æ‡•á‡§Ç ‡§π‡•à ‡§Æ‡•ã‡§ü‡§∞ ‡§ì‡§≤‡§æ ‡§ï‡§Ç‡§™‡§®‡•Ä ‡§∏‡•á ‡§§‡•ã ‡§ï‡•ã‡§à ‡§ñ‡§§‡•ç‡§Æ ‡§ï‡§Ç‡§™‡§®‡•Ä ‡§®‡§π‡•Ä‡§Ç ‡§π‡•à ‡§Ö‡§ó‡§∞ ‡§π‡§Æ‡§ï‡•ã ‡§Æ‡§ø‡§≤ ‡§ó‡§Ø‡§æ ‡§®‡§æ ‡§§‡•ã ‡§Æ‡•à‡§Ç ‡§§‡•ã ‡§≤‡§°‡§º‡§æ‡§à ‡§ï‡§∞ ‡§¨‡•à‡§†‡•Ç‡§Ç‡§ó‡§æ ‡§ï‡•Å‡§õ ‡§≠‡•Ä ‡§ï‡§∞ ‡§∏‡§ï‡§§‡§æ ‡§π‡•Ç‡§Ç,2025-11-05T13:16:49Z,0,2026-02-21T08:47:38.237244
youtube,-f4grC5ayTQ,@love_gaming_150,what about warranty after 3rd party repair,2025-11-05T02:01:21Z,1,2026-02-21T08:47:38.237244
youtube,-f4grC5ayTQ,@ramanujanacademyujjain5979,‡§Æ‡§§ ‡§≤‡•ã ‡§ì‡§≤‡§æ,2025-11-04T17:40:02Z,0,2026-02-21T08:47:38.237244
youtube,-f4grC5ayTQ,@RameshChikhale-d3l,‡§∏‡§¨‡§∏‡•á ‡§≠‡§Ç‡§ó‡§æ‡§∞ ‡§∏‡§∞‡•ç‡§µ‡§ø‡§∏ ‡§´‡§æ‡§á‡§µ ‡§∏‡•ç‡§ü‡§æ‡§∞ ‡§≠‡§Ç‡§ó‡§æ‡§∞,2025-11-04T14:14:09Z,0,2026-02-21T08:47:38.237244
youtube,-f4grC5ayTQ,@shyamsunderpanecha3606,‡§Ø‡§æ ‡§ó‡•ç‡§∞‡§æ‡§π‡§ï‡•ã‡§Ç ‡§ï‡•ã ‡§≤‡•Ç‡§ü‡§®‡•á ‡§ï‡•á ‡§≤‡§ø‡§è ‡§Ø‡•á sadyantr ‡§∞‡§ö‡§æ ‡§π‡•à,2025-11-04T13:29:18Z,1,2026-02-21T08:47:38.237244
youtube,-f4grC5ayTQ,@shyamsunderpanecha3606,‡§ú‡§¨ ‡§ì‡§ï‡§æ‡§§ ‡§®‡§π‡•Ä ‡§π‡•à ‡§§‡•ã ola kyo ‡§¨‡§®‡§æ‡§à üòÇ,2025-11-04T13:28:31Z,1,2026-02-21T08:47:38.237244
youtube,-f4grC5ayTQ,@ashokkumar637,Mara mcu  kharab ho gaya hi kya karu,2025-11-04T08:37:11Z,1,2026-02-21T08:47:38.237244
youtube,-f4grC5ayTQ,@tapankumarsahu7844,"Useless & scam - My Ola S1 (DL2GD4252) joined the ‚ÄúElectric Revolution‚Äù‚Ä¶ and revolted on 12 Sep ‚ö°Ô∏èüòÖ
Paid RSA on 6 Oct, complaint #7933266, still doing silent meditation in parking till 2 Nov üßò‚Äç‚ôÇÔ∏è
Even Ola Care+ with extended warranty couldn‚Äôt wake them up!

Don‚Äôt buy ads ‚Äî buy service üòè
#OlaElectric #OlaFail #EVIndia",2025-11-03T17:13:03Z,1,2026-02-21T08:47:38.237244
youtube,-f4grC5ayTQ,@‡§∞‡§æ‡§Æ‡§ï‡•Å‡§Æ‡§æ‡§∞‡§™‡•ç‡§∞‡§ú‡§æ‡§™‡§§‡§ø-‡§ò1‡§µ,Bekar gadi,2025-11-03T00:23:20Z,0,2026-02-21T08:47:38.237244
youtube,-f4grC5ayTQ,@gaganpratapsingh2698,M iski complaint Yogi portal ya modi portal pr krunga,2025-11-02T20:37:31Z,1,2026-02-21T08:47:38.237244
youtube,-f4grC5ayTQ,@prashantd3492,Ola ka zola üòÇüòÇ,2025-11-02T12:08:03Z,1,2026-02-21T08:47:38.237244
youtube,-f4grC5ayTQ,@SajidShaikh-fw2st,Agar bettry me problem hai to kya kare,2025-11-02T06:13:31Z,1,2026-02-21T08:47:38.237244
youtube,-f4grC5ayTQ,@PRABHATYADAV1,"Never buy ola , I can say with my own experience",2025-11-02T02:14:20Z,1,2026-02-21T08:47:38.237244
youtube,-f4grC5ayTQ,@eswarsurada941,"Please don't buy ola vehicles, ban Ola vehicles India",2025-11-02T00:16:37Z,1,2026-02-21T08:47:38.237244
youtube,-f4grC5ayTQ,@bharathenterprise6820,üòÖüòÖüòÖ,2025-11-01T17:29:22Z,1,2026-02-21T08:47:38.237244
youtube,-f4grC5ayTQ,@Rajpharmacymedicine,Join,2025-11-01T08:07:34Z,0,2026-02-21T08:47:38.237244
youtube,-f4grC5ayTQ,@ranveerkumar8915,join,2025-11-01T07:27:35Z,0,2026-02-21T08:47:38.237244
youtube,-f4grC5ayTQ,@DEVIPRASADDas-wy2di,Bhai Care plus ka kay hogaüòÆ,2025-11-01T06:25:27Z,2,2026-02-21T08:47:38.237244
youtube,-f4grC5ayTQ,@zubershaikh7004,Bhai ye to galat hai na lagbhag sabi ola scooty par 8 year warranty aati hai aur ab kuch ho jaye to parts kharidane padenge .,2025-11-01T05:10:56Z,1,2026-02-21T08:47:38.237244
youtube,-f4grC5ayTQ,@viki8284,Is se achha dealership late to,2025-11-01T04:52:06Z,1,2026-02-21T08:47:38.237244
youtube,-f4grC5ayTQ,@surajvlogsodisha,"Hub motor repair keliye service centre mai training dena hoga ,.hub motor üõµ scooter jiska hai wo bahat parisan hai 3,4 mahina gadi pada rahta hai",2025-11-01T04:21:46Z,1,2026-02-21T08:47:38.237244
youtube,-f4grC5ayTQ,@Amitmeher1340,Belt sirf gen 2 ka dikha rha h. Gen 1 m bhi wahi lagta h kya ya dusra h.,2025-11-01T04:00:59Z,1,2026-02-21T08:47:38.237244
youtube,-f4grC5ayTQ,@hamraimy,Join,2025-11-01T03:40:26Z,0,2026-02-21T08:47:38.237244
youtube,-f4grC5ayTQ,@ShriKripaluEnterprises9561,Orignal parts available kiye h company k app par or flipkart par,2025-11-01T03:04:11Z,1,2026-02-21T08:47:38.237244
youtube,-f4grC5ayTQ,@ShriKripaluEnterprises9561,Ye method successful h bhai ‚ù§,2025-11-01T03:02:59Z,1,2026-02-21T08:47:38.237244
youtube,-f4grC5ayTQ,@ShriKripaluEnterprises9561,Ola ne abhi acha kiya ye kam karke good work Bhawesh Agrawal ji.,2025-11-01T02:56:40Z,3,2026-02-21T08:47:38.237244
youtube,-f4grC5ayTQ,@dhirajchavancivil,Kuch bhi nahi hai faltu ke 2 3 accessories hai bas,2025-11-01T02:32:04Z,1,2026-02-21T08:47:38.237244
youtube,-f4grC5ayTQ,@rajendrayadav-dl1dw,Ola kewal bewakoof bana rahi hai ye bhi kewal sale badhane ke liye logo ko chutiya banane ka tareeka hai ab koi ola ki gadi mat lena,2025-11-01T01:36:58Z,0,2026-02-21T08:47:38.237244
youtube,-f4grC5ayTQ,@mayankparakh2866,Bro ola sales down hogya h or log service ke karan purhase nhi kr rahe h isliye ye sb ho raha,2025-10-31T18:52:55Z,1,2026-02-21T08:47:38.237244
youtube,-f4grC5ayTQ,@Guddu-o1p2s,Ola lo mechanic khud ban jaoge,2025-10-31T16:26:02Z,0,2026-02-21T08:47:38.237244
youtube,-f4grC5ayTQ,@DeepakMhase-o6m,Ab bahar ke machanik ko pitawane ka plan banaya hai ola ne,2025-10-31T15:05:54Z,0,2026-02-21T08:47:38.237244
youtube,-f4grC5ayTQ,@CHD-d1n,Bhai ola ke liye Koi patient mat rakho. 3 . 3 Mahina dekhe bhi gadi service nahin karvate hain na repair karvate Service kharab hai kharab hai Kitna bhi kuchh bhi kar le,2025-10-31T10:46:09Z,1,2026-02-21T08:47:38.237244
youtube,-f4grC5ayTQ,@febindevis7219,Then what about system issue battery related motor realated problem what to do if need to be replaced,2025-10-31T09:40:37Z,1,2026-02-21T08:47:38.237244
youtube,-f4grC5ayTQ,@sunilthakur197,Ola pr bharosa kabhi nhi,2025-10-31T09:00:22Z,1,2026-02-21T08:47:38.237244
youtube,vTUDCoGzxFA,@ek_entrepreneur,watch full video https://youtu.be/ZlTRgQwl5Wo?si=oegfj-FPl-18QNVC,2023-10-13T05:59:33Z,16,2026-02-21T08:47:38.858929
youtube,vTUDCoGzxFA,@shekharnani07,Indian government not take action against ola electric service centre,2026-02-19T05:33:51Z,0,2026-02-21T08:47:38.858929
youtube,vTUDCoGzxFA,@khurshidzeya4347,Scam hai pura ola,2026-02-02T19:10:40Z,0,2026-02-21T08:47:38.858929
youtube,vTUDCoGzxFA,@getalert2872,Ev scooter change of ownership will cancel the warranty. due to any financial issue we cant sell the scooter. Please speak about this issue and put video,2026-01-31T06:38:51Z,0,2026-02-21T08:47:38.858929
youtube,vTUDCoGzxFA,@RAVI-pd3yf,üò¢üò¢üò¢,2026-01-25T09:46:30Z,0,2026-02-21T08:47:38.858929
youtube,vTUDCoGzxFA,@AbhishekBainsla-b3l,Ola Is Best üëåüöÄ‚ù§,2026-01-16T11:39:21Z,1,2026-02-21T08:47:38.858929
youtube,vTUDCoGzxFA,@RahulSwain-r4z,Bhavesh Agarwal ki maa ki chut jitne likes utne baar‚ù§,2026-01-15T08:18:42Z,0,2026-02-21T08:47:38.858929
youtube,vTUDCoGzxFA,@khageshshivare4451,Ola sirdard hai 132000 dub gaye 22000 km chale 3year me,2026-01-07T08:53:30Z,0,2026-02-21T08:47:38.858929
youtube,vTUDCoGzxFA,@MalekKesarkhan-e7p7b,Yes it's true mere pase bhi tha 3 months huve use kare pata nahi betry ka problem tha unhone response nahi liya thik karne ka,2026-01-03T03:58:57Z,1,2026-02-21T08:47:38.858929
youtube,vTUDCoGzxFA,@AnkitYadav-qm2ww,Ola scam hai,2026-01-01T18:02:01Z,0,2026-02-21T08:47:38.858929
youtube,vTUDCoGzxFA,@IrfanAli-el9sk,Sab log to yahi bol Raha Hai fir v log leraha na,2025-12-23T04:17:09Z,0,2026-02-21T08:47:38.858929
youtube,vTUDCoGzxFA,@balajip2123,"Ola it's a fraud company of india,govt should take action against this company.",2025-12-16T05:42:58Z,0,2026-02-21T08:47:38.858929
youtube,vTUDCoGzxFA,@narendragehlot4965,Jab ola gadi ki service karne ki aukat nahin Hai to gadi bechte  hi kyon Hai ola wale sale,2025-12-13T09:02:50Z,0,2026-02-21T08:47:38.858929
youtube,vTUDCoGzxFA,@sonuverma2053,Sir yeh fudu company hai ola sir meri ola scooty 8 month se kharb hai service centre me hai hub motor kharab h dal ni rahi itni bekhar service centre hai,2025-12-09T09:16:48Z,0,2026-02-21T08:47:38.858929
youtube,vTUDCoGzxFA,@fazlullahkoti8160,battry Baik Mat kharidu Apni jaan Bachao,2025-12-04T15:13:58Z,0,2026-02-21T08:47:38.858929
youtube,vTUDCoGzxFA,@AJShort2002,Matherchod gadi hai mera bhi yahi haal hai,2025-12-02T11:16:32Z,0,2026-02-21T08:47:38.858929
youtube,vTUDCoGzxFA,@GalaxyPhysio,Bhai yr meri Scooty har 2 din pe ban kar aati fir bnd ho jati hai mai to bahut presan hu koi idea hai to btwo,2025-11-29T05:16:42Z,0,2026-02-21T08:47:38.858929
youtube,vTUDCoGzxFA,@bsssin,"Boycott ola, fruad company, fruad CEO, worst service",2025-11-29T03:09:08Z,0,2026-02-21T08:47:38.858929
youtube,vTUDCoGzxFA,@payal7624,Barabr hai uska 1.50 lac kya G... se ata hai kya...bohot pareshan hu mei yuhi band pdi hai ola itni ghatiya service hai iski...2 month hogaye showroom mei pdi hai gadi üò†,2025-11-27T15:57:29Z,0,2026-02-21T08:47:38.858929
youtube,vTUDCoGzxFA,@iteratainment5522,Ola madharhod company hai,2025-11-23T01:30:05Z,0,2026-02-21T08:47:38.858929
youtube,vTUDCoGzxFA,@MrUvwx,"Even after Ola launched its scooter, I never considered purchasing it, not even once. Sometimes, it‚Äôs important to trust your instincts.üòù",2025-11-22T02:36:06Z,0,2026-02-21T08:47:38.858929
youtube,vTUDCoGzxFA,@Sachinsoni007,Inse baat mat kro writing me likhaa lo or consumer me case kro inka ilaz ho jaega,2025-11-18T15:07:31Z,0,2026-02-21T08:47:38.858929
youtube,vTUDCoGzxFA,@AliHasan-k8c9x,üò¢,2025-11-17T18:47:14Z,1,2026-02-21T08:47:38.858929
youtube,vTUDCoGzxFA,@kuldeeppal5245,Ola electric jitni bekar koi company nhi hai .kuch bhi lena ola electric mat lena hand jod ke vinti hai,2025-11-17T15:57:16Z,0,2026-02-21T08:47:38.858929
youtube,vTUDCoGzxFA,@DesiMelodyStudio21,Bhai service shi nhi h üò¢ mini parts are not available üò¢,2025-11-16T15:28:00Z,3,2026-02-21T08:47:38.858929
youtube,vTUDCoGzxFA,@pc12345000,"BAN OLA IN UTTARAKHAND PLEASE...,üôèüò≠
Very bad service.. no one listens..not RSA service providing,, no any service working... 
Grievance Number: 8172748

Grievance Reg Date:¬†2025-11-15 15:04:34

Grievance Type :Complaint¬†¬†Grievance Details :To, The National Consumer Helpline, Subject: Complaint against Ola Electric for non-resolution of battery issue and denial of serviceRespected Sir/Madam,I am writing to formally complain about the negligent service and unresolved battery issue of my Ola electric scooter. For the past 15 days, my scooter‚Äôs battery charge has suddenly dropped from 60% down to 0%, causing the battery to enter a deep discharge state. Despite multiple complaints and requests to Ola, neither has my battery been replaced nor has their roadside assistance (RSA) come to pick up the scooter from my home.My scooter is under Ola‚Äôs Care Plus plan, but they are refusing to replace the battery, citing that deep discharge is not covered under warranty. Over these 15 days, I have repeatedly charged the battery fully and reported the issue. Ola experience centre/service centre Rudrapur, uttarakhand udham singh nagar pin 263153
Prakash pandey 
9045183216",2025-11-16T06:04:59Z,0,2026-02-21T08:47:38.858929
youtube,vTUDCoGzxFA,@nipundevgan,Ola is a disaster company,2025-11-15T06:15:24Z,0,2026-02-21T08:47:38.858929
youtube,vTUDCoGzxFA,@PaynearbybkiVed,Sabse gandi company .... ola... Band karo isko,2025-11-13T13:18:20Z,0,2026-02-21T08:47:38.858929
youtube,vTUDCoGzxFA,@chirag2013.,‡§∏‡§∞‡§ï‡§æ‡§∞ ‡§Ö‡§™‡§®‡•Ä ‡§Æ******* ‡§∞‡§π‡•Ä ‡§π‡•à ‡§ï‡§æ‡§®‡•Ç‡§® ‡§®‡§π‡•Ä‡§Ç ‡§¨‡§®‡§æ ‡§∞‡§π‡•Ä ‡§ì‡§≤‡§æ ‡§∏‡•ç‡§ï‡•Ç‡§ü‡§∞  ‡§ï‡§Ç‡§™‡§®‡•Ä ‡§ï‡•á ‡§ñ‡§ø‡§≤‡§æ‡§´ ‡§â‡§®‡§ï‡•á ‡§ñ‡§ø‡§≤‡§æ‡§´,2025-11-12T21:32:04Z,0,2026-02-21T08:47:38.858929
youtube,vTUDCoGzxFA,@rakeshsaroj3932,Ghatiya scooty mera 6 mahine se service centre me hai,2025-11-10T00:30:25Z,0,2026-02-21T08:47:38.858929
youtube,vTUDCoGzxFA,@MonicaKataria-g1c,Jitne logon Ne Ola kharidi Hai vah sab pareshan hai isiliye isko Koi mat kharido,2025-11-06T01:28:22Z,0,2026-02-21T08:47:38.858929
youtube,vTUDCoGzxFA,@khalsaji7438,Sab se belar sirvice,2025-11-05T12:53:51Z,0,2026-02-21T08:47:38.858929
youtube,vTUDCoGzxFA,@mohammadraziul,Worst company Ola Electric,2025-10-30T03:26:37Z,0,2026-02-21T08:47:38.858929
youtube,vTUDCoGzxFA,@SantoshRaoBlr,Chillar Bhavesh Chor,2025-10-29T10:58:10Z,0,2026-02-21T08:47:38.858929
youtube,vTUDCoGzxFA,@laxmanmanchewar5732,3rd ‡§ï‡•ç‡§≤‡§æ‡§∏ ‡§∏‡§∞‡•ç‡§µ‡§ø‡§∏‡•á‡§∏ ‡§™‡§æ‡§∞‡§∏‡•Ä ‡§®‡§π‡•Ä ‡§∞‡§π‡§§‡•á ‡§á‡§® ‡§ï‡•á ‡§™‡§æ‡§∏ ‡§õ‡•á ‡§õ‡•á ‡§Æ‡§π‡§ø‡§®‡•á ‡§§‡§ï ‡§≤‡•Ç‡§ü ‡§≤‡§ø‡§Ø‡§æ ‡§ï‡§Ç‡§™‡§®‡•Ä ‡§¨‡§Ç‡§¶ ‡§π‡•ã ‡§ú‡§æ‡§Ø‡•á‡§ó‡•Ä,2025-10-25T18:14:41Z,0,2026-02-21T08:47:38.858929
youtube,vTUDCoGzxFA,@DeepakSingh-ir1gr,Chor hai ye log,2025-10-25T13:29:27Z,0,2026-02-21T08:47:38.858929
youtube,vTUDCoGzxFA,@smithsteve442,Bahar karo bhosdi wale teri mane paise diye hai Sarkar sub customer ke paise lotaye ya ola company bandh karwaye,2025-10-24T12:27:51Z,0,2026-02-21T08:47:38.858929
youtube,vTUDCoGzxFA,@zishanusmani5702,I saw this auncle in vashi ola showroom,2025-10-21T14:39:08Z,0,2026-02-21T08:47:38.858929
youtube,vTUDCoGzxFA,@RajeshwariNaik-ue4uz,"Video se jada comment pe, varosa karta hunüòÇ",2025-10-21T07:58:05Z,1,2026-02-21T08:47:38.858929
youtube,vTUDCoGzxFA,@Vinod-r1s9e,Ban ola,2025-10-20T20:00:04Z,0,2026-02-21T08:47:38.858929
youtube,vTUDCoGzxFA,@manojkumar-dn4bq,"Ola walo ko sabak shikhao,koi to",2025-10-19T11:26:27Z,0,2026-02-21T08:47:38.858929
youtube,vTUDCoGzxFA,@Ryan-pm4fk,Ola nahi jhola hai,2025-10-17T13:58:27Z,0,2026-02-21T08:47:38.858929
youtube,vTUDCoGzxFA,@RajeshAutgerr,"All users we will report on NCH
 create group",2025-10-15T18:48:42Z,0,2026-02-21T08:47:38.858929
youtube,vTUDCoGzxFA,@pradeepkumar-hs8pu,Taking money and doing all this,2025-10-04T19:17:18Z,0,2026-02-21T08:47:38.858929
youtube,vTUDCoGzxFA,@jairajhada9042,‡§∏‡§¨‡§∏‡•á ‡§ò‡§ü‡§ø‡§Ø‡§æ ‡§∏‡§∞‡•ç‡§µ‡§ø‡§∏ ‡§π‡•á ‡§á‡§∏ bc ‡§ó‡§æ‡§°‡§º‡•Ä ‡§ï‡•Ä,2025-10-04T15:21:48Z,0,2026-02-21T08:47:38.858929
youtube,vTUDCoGzxFA,@ShubhamGhadge-e4j,Barobar aahe bola tumhi ola bekar he,2025-10-03T11:29:59Z,0,2026-02-21T08:47:38.858929
youtube,vTUDCoGzxFA,@mogalinagaraju8109,Oia vest,2025-10-03T05:28:25Z,0,2026-02-21T08:47:38.858929
youtube,vTUDCoGzxFA,@pramodmishra9298,‡§ì‡§≤‡§æ ‡§ï‡•á ‡§ï‡§∞‡•ç‡§Æ‡§ö‡§æ‡§∞‡•Ä ‡§≠‡•Ä ‡§¨‡§¶‡§§‡§Æ‡•Ä‡§ú‡•Ä ‡§∏‡•á ‡§¨‡§æ‡§§ ‡§ï‡§∞‡§§‡•á ‡§π‡•à‡§Ç 2 ‡§¶‡§ø‡§® ‡§ï‡§æ ‡§¨‡•ã‡§≤ ‡§ï‡§∞ ‡§¶‡•ã ‡§Æ‡§π‡•Ä‡§®‡§æ ‡§∞‡§ñ‡•á ‡§∞‡§π‡§§‡•á ‡§π‡•à‡§Ç ‡§ó‡§æ‡§°‡§º‡•Ä,2025-10-02T17:45:48Z,0,2026-02-21T08:47:38.858929
youtube,vTUDCoGzxFA,@xyzak1728,"TVs and bajaj, hero electric scooters are good üëç",2025-10-01T08:15:02Z,0,2026-02-21T08:47:38.858929
youtube,vTUDCoGzxFA,@karthikeyankarthikeyan1225,‡Æì‡Æ≤‡Ææ ‡Æâ‡Æ≤‡Æï‡Æ§‡Øç‡Æ§‡Æø‡Æ≤‡Øá‡ÆØ‡Øá ‡ÆÆ‡ØÅ‡Æ§‡Æ©‡Øç‡ÆÆ‡Øà‡ÆØ‡Ææ‡Æ© ‡Æ™‡Æö‡Æô‡Øç‡Æï,2025-09-30T09:45:36Z,0,2026-02-21T08:47:38.858929
youtube,h6e8bmMbVH0,@DarkGaming-2iditos,If battery blast while riding what happen üòÇ,2026-02-20T06:24:20Z,0,2026-02-21T08:47:39.475648
youtube,h6e8bmMbVH0,@kpmkvideos,üî•üî•üî•üî•üî•üî•üî•,2026-02-03T15:51:12Z,1,2026-02-21T08:47:39.475648
youtube,h6e8bmMbVH0,@senthilselvan5654,üòÇ,2026-01-26T10:16:21Z,1,2026-02-21T08:47:39.475648
youtube,h6e8bmMbVH0,@rahimatullahkarajgi3346,No Services properüò¢,2026-01-19T04:46:46Z,1,2026-02-21T08:47:39.475648
youtube,h6e8bmMbVH0,@agrajvemuri3839,"Dear friends  I'm writing to express extreme dissatisfaction and frustration with the service provided by Ola for my S1 scooter. Despite multiple attempts to raise a complaint through the app and calling customer care, I've been met with silence and inaction for the past 3 days.  The issues persist: - Liquid leaking from the front part of the scooter - Battery not charging - No response from customer support or RSA despite multiple calls and app complaints(since 4 days)  I've purchased Ola Care+ for a year, but the benefits are inaccessible due to lack of service. Spare parts are costly and unavailable. Given the poor service and unresolved issues. #DONT BUY OLA",2026-01-16T08:48:50Z,1,2026-02-21T08:47:39.475648
youtube,h6e8bmMbVH0,@mkhs007,Is this ols factory?,2026-01-12T16:30:08Z,1,2026-02-21T08:47:39.475648
youtube,h6e8bmMbVH0,@ShihabKallingal-m1y,India ka NO1 bad serivce Ev scooter OLA,2026-01-12T00:56:07Z,1,2026-02-21T08:47:39.475648
youtube,h6e8bmMbVH0,@jaroslaveliseev9349,"–¢–µ—Ö–Ω–∏–∫–∞ –±–µ–∑–æ–ø–∞—Å–Ω–æ—Å—Ç–∏,–∞–∫–∫—É—Ä–∞—Ç–Ω–æ—Å—Ç—å?
–ù–µ,–Ω–µ —Å–ª—ã—à–∞–ª–∏üòÇ",2026-01-04T16:02:38Z,1,2026-02-21T08:47:39.475648
youtube,h6e8bmMbVH0,@KapurJal-i8k,Mujhe Lena he,2026-01-02T08:10:26Z,1,2026-02-21T08:47:39.475648
youtube,h6e8bmMbVH0,@KapurJal-i8k,Hi,2026-01-02T08:09:43Z,1,2026-02-21T08:47:39.475648
youtube,h6e8bmMbVH0,@mahendersingh-xm4zh,‡§¨‡§ï‡§µ‡§æ‡§∏ ‡§ó‡§æ‡§°‡§º‡•Ä,2025-12-25T14:11:10Z,1,2026-02-21T08:47:39.475648
youtube,h6e8bmMbVH0,@SravanjiZala-z7n3e,‡™≠‡™æ‡™à ‡™ú‡™ó‡´ç‡™Ø‡™æ ‡™õ‡´á ‡™ú‡™ó‡´ç‡™Ø‡™æ ‡™π‡´ã‡™Ø ‡™§‡´ã ‡™Ü‡™™‡™®‡´ã ‡™ï‡´ã‡™®‡´ç‡™ü‡´á‡™ï‡´ç‡™ü ‡™ï‡™∞‡´ã,2025-12-10T12:10:27Z,0,2026-02-21T08:47:39.475648
youtube,h6e8bmMbVH0,@rudrapratapsingjsamanta5574,Maat kharido Paisa geya pani mey... Ola service centre jayo...dekho kitni years se ola scooter pada huaa hai...mey khud pareshan hu...Harami company....,2025-12-08T07:02:31Z,1,2026-02-21T08:47:39.475648
youtube,h6e8bmMbVH0,@sanjaysaxena8,Bahut complaint Hai hamare ghar aate hi band Ho Gai service centre 30 km dur hai,2025-11-27T03:28:47Z,1,2026-02-21T08:47:39.475648
youtube,h6e8bmMbVH0,@ratheeshpillai3547,Very very bad service....,2025-11-25T16:47:44Z,1,2026-02-21T08:47:39.475648
youtube,h6e8bmMbVH0,@VikramRathore-y5b,Someone tell them workshops with a balancer + ev doctor finish this in minutes,2025-11-24T14:19:21Z,1,2026-02-21T08:47:39.475648
youtube,h6e8bmMbVH0,@farmer_life-v3f,Nice mittar,2025-11-23T11:28:06Z,2,2026-02-21T08:47:39.475648
youtube,h6e8bmMbVH0,@IndianFoodEater1,Unskilled guy,2025-11-19T18:04:39Z,1,2026-02-21T08:47:39.475648
youtube,h6e8bmMbVH0,@AbhishekGurjar-ez3ni,Ola Nahi Rola Hai üí™üèªüíÄ,2025-11-08T11:39:33Z,2,2026-02-21T08:47:39.475648
youtube,h6e8bmMbVH0,@akramhulgur2755,Bakwas gadi,2025-11-05T18:30:39Z,1,2026-02-21T08:47:39.475648
youtube,h6e8bmMbVH0,@babasahabambedkarsamvidhan8775,Not good ola failed üò≠ bike west money üí∞ not good ola bike,2025-11-04T11:18:45Z,2,2026-02-21T08:47:39.475648
youtube,h6e8bmMbVH0,@s.v.kkishore3818,Failure bike not safe,2025-10-31T09:08:12Z,1,2026-02-21T08:47:39.475648
youtube,h6e8bmMbVH0,@DyptaSeluler,Klu yg gini gak kaleng batrenya,2025-10-29T17:08:10Z,1,2026-02-21T08:47:39.475648
youtube,h6e8bmMbVH0,@KarnakarKarnakar-s1o,Varast bike,2025-10-27T12:41:37Z,2,2026-02-21T08:47:39.475648
youtube,h6e8bmMbVH0,@MohammadShageer-x6q,Lakin kya fayda chalti kyu nahi haiüòÇ,2025-10-26T09:59:49Z,1,2026-02-21T08:47:39.475648
youtube,h6e8bmMbVH0,@kishan._2215,Share your contact number other information,2025-10-25T01:56:18Z,0,2026-02-21T08:47:39.475648
youtube,h6e8bmMbVH0,@syedraheem2163,"in saide, all small rechrjebull shells,,",2025-10-22T16:23:29Z,1,2026-02-21T08:47:39.475648
youtube,h6e8bmMbVH0,@PreetamKumar-d9n,Sabse ghatiya scooter,2025-10-20T02:56:28Z,1,2026-02-21T08:47:39.475648
youtube,h6e8bmMbVH0,@hmcblog,Ola mat Lena,2025-10-19T11:24:33Z,1,2026-02-21T08:47:39.475648
youtube,h6e8bmMbVH0,@jainandan87,Ola..aag ka golaüòÇüòÇüòÇüòÇ,2025-10-15T07:56:23Z,1,2026-02-21T08:47:39.475648
youtube,h6e8bmMbVH0,@GANGADHARREDDOLLA,My ola scooty no problem coming system issue telling in the display what I can do tell me please,2025-10-14T04:38:33Z,1,2026-02-21T08:47:39.475648
youtube,h6e8bmMbVH0,@sandeepamrute8738,bhool se mt lena bakwas service hai honest review hai,2025-10-13T18:37:58Z,1,2026-02-21T08:47:39.475648
youtube,h6e8bmMbVH0,@Srinivas845,VERY BADüò¢,2025-10-12T14:50:05Z,1,2026-02-21T08:47:39.475648
youtube,h6e8bmMbVH0,@tofiklandge7571,And then the scooty gets grounded in service center for eternity,2025-10-12T05:46:00Z,1,2026-02-21T08:47:39.475648
youtube,h6e8bmMbVH0,@Bpithiya,Ola service is thard class.....,2025-10-11T16:26:12Z,1,2026-02-21T08:47:39.475648
youtube,h6e8bmMbVH0,@vipgang7720,Bad gaddi,2025-10-04T19:02:06Z,0,2026-02-21T08:47:39.475648
youtube,h6e8bmMbVH0,@jeetrecords0004,Company replace kaise krti he battery,2025-10-04T18:21:22Z,1,2026-02-21T08:47:39.475648
youtube,h6e8bmMbVH0,@neoczy3249,I guess due to the curve of the battery is probably losing a little space in the angle between each cells...probably good for cooling but still a square battery stilll have more density of power by square inch...,2025-09-18T03:14:38Z,1,2026-02-21T08:47:39.475648
youtube,h6e8bmMbVH0,@Tricksforsuccess5,Battery has been given such a shape that a person cannot put it easily it may require expertise.,2025-09-16T11:04:06Z,1,2026-02-21T08:47:39.475648
youtube,h6e8bmMbVH0,@ManzaMvsa,Yes Make it go BOOM!!! BIG BOOM BIGGER BOOM MASSIVE BOOM!!!,2025-08-22T22:15:53Z,1,2026-02-21T08:47:39.475648
youtube,h6e8bmMbVH0,@oluwaseyisubair4426,Boomb under someone's seat. üòÇüòÇüòÇ,2025-08-19T15:49:07Z,3,2026-02-21T08:47:39.475648
youtube,h6e8bmMbVH0,@AmitKumar-ic9fx,‡§∏‡§¨‡§∏‡•á ‡§¨‡•á‡§ï‡§æ‡§∞ ‡§ó‡§æ‡§°‡§º‡•Ä ‡§¶‡•Å‡§®‡§ø‡§Ø‡§æ ‡§ï‡§æ ‡§∏‡§¨‡§∏‡•á ‡§ö‡•Å‡§ü‡§ø‡§Ø‡§æ ‡§ó‡§æ‡§°‡§º‡•Ä ‡§Æ‡•á‡§Ç ‡§∂‡•á‡§∞ ‡§π‡•à,2025-08-19T09:55:56Z,0,2026-02-21T08:47:39.475648
youtube,h6e8bmMbVH0,@rahulshukla4590,‡§Ö‡§ö‡•ç‡§õ‡§æ ‡§Ø‡§π ‡§π‡•à ‡§µ‡§π ‡§™‡§ü‡§æ‡§ñ‡§æ ‡§ú‡•ã ‡§≤‡•ã‡§ó‡•ã‡§Ç ‡§ï‡•á ‡§ò‡§∞ ‡§î‡§∞ ‡§ì‡§≤‡§æ ‡§ï‡§æ ‡§∏‡•ç‡§ü‡•ã‡§∞ ‡§ú‡§≤ ‡§∞‡§π‡§æ ‡§π‡•à,2025-08-19T05:39:07Z,2,2026-02-21T08:47:39.475648
youtube,h6e8bmMbVH0,@harishrocky1983,Waste,2025-08-06T08:56:27Z,0,2026-02-21T08:47:39.475648
youtube,h6e8bmMbVH0,@uvyj5583,"10rs vale 200sale he bhai ye battery me 
Chutiya banaya he hum sabko 
Bachcho ke khilone jese sale usme kya garenty mipne vali he bhai üòÖ
Paisa barbadd",2025-08-05T10:16:32Z,0,2026-02-21T08:47:39.475648
youtube,h6e8bmMbVH0,@abumansoorali3640,"2025 may ‡¥Æ‡¥æ‡¥∏‡¥Ç ‡¥Ü‡¥£‡µç ‡¥û‡¥æ‡¥®‡µÅ‡¥Ç ‡¥é‡¥®‡µç‡¥±‡µÜ friend ‡¥â‡¥Ç ola Scooter ‡¥é‡¥ü‡µÅ‡¥ï‡µç‡¥ï‡µÅ‡¥®‡µç‡¥®‡¥§‡µç. Book ‡¥ö‡µÜ‡¥Ø‡µç‡¥§‡µÅ 2 ‡¥Æ‡¥æ‡¥∏‡¥Ç ‡¥ï‡¥¥‡¥ø‡¥û‡µç‡¥û‡¥ø‡¥ü‡µç‡¥ü‡¥æ‡¥£‡µç scooter ‡¥≤‡¥≠‡¥ø‡¥ö‡µç‡¥ö‡¥§‡µç ‡¥™‡µã‡¥≤‡µÅ‡¥Ç. 1500 kmtr ‡¥Ü‡¥Ø‡¥™‡µç‡¥™‡µã‡¥¥‡µá‡¥ï‡µç‡¥ï‡µÅ‡¥Ç ‡¥ì‡¥∞‡µã complaint ‡¥µ‡¥∞‡¥æ‡µª ‡¥§‡µÅ‡¥ü‡¥ô‡µç‡¥ô‡¥ø. ‡¥é‡¥®‡µç‡¥±‡µÜ friend ‡¥∏‡¥æ‡¥¨‡¥ø‡¥§‡µç‡¥§‡µç ‡¥®‡µç‡¥±‡µÜ scooter ‡¥Ü‡¥£‡µç ‡¥Ü‡¥¶‡µç‡¥Ø‡¥Ç ‡¥™‡¥£‡¥ø ‡¥â‡¥£‡µç‡¥ü‡¥æ‡¥ï‡µç‡¥ï‡¥ø‡¥Ø‡¥§‡µç. 1500kmtr ‡¥Ü‡¥Ø‡¥™‡µç‡¥™‡µã‡µæ ‡¥é‡¥®‡µç‡¥±‡µá‡¥§‡µÅ‡¥Ç ‡¥§‡µÅ‡¥ü‡¥ô‡µç‡¥ô‡¥ø ‡¥ï‡¥Ç‡¥™‡µç‡¥≤‡¥Ø‡¥ø‡¥®‡µç‡¥±‡µç ‡¥Æ‡µã‡¥°‡µç ‡¥§‡¥®‡¥ø‡¥Ø‡µÜ eco ‡¥Ø‡¥ø‡¥≤‡µá‡¥ï‡µç‡¥ï‡µç ‡¥Æ‡¥æ‡¥±‡µÅ‡¥®‡µç‡¥®‡µÅ. ‡¥ì‡¥ü‡µÅ‡¥®‡µç‡¥® ‡¥á‡¥ü‡¥ï‡µç‡¥ï‡µç ‡¥Æ‡µã‡¥°‡µç ‡¥Æ‡¥æ‡¥±‡¥ø‡¥Ø‡¥æ‡µΩ ‡¥™‡¥ø‡¥®‡µç‡¥®‡µÜ normal / Sport ‡¥Æ‡µã‡¥°‡µç ‡¥≤‡µá‡¥ï‡µç‡¥ï‡µç ‡¥Æ‡¥æ‡¥±‡µÅ‡¥®‡µç‡¥®‡¥ø‡¥≤‡µç‡¥≤. ‡¥Ö‡¥ô‡µç‡¥ô‡¥®‡µÜ ‡¥∑‡µã‡¥±‡µÇ‡¥Æ‡¥ø‡µΩ ‡¥ï‡¥æ‡¥£‡¥ø‡¥ö‡µç‡¥ö‡¥ø‡¥ü‡µç‡¥ü‡µÅ‡¥Ç ‡¥á‡¥§‡¥ø‡¥®‡µç ‡¥™‡µç‡¥∞‡¥§‡µç‡¥Ø‡µá‡¥ï‡¥ø‡¥ö‡µç‡¥ö‡µç ‡¥Æ‡¥æ‡¥±‡µç‡¥±‡¥Æ‡µä‡¥®‡µç‡¥®‡µÅ‡¥Ç ‡¥ï‡¥ø‡¥ü‡µç‡¥ü‡¥ø‡¥Ø‡¥ø‡¥≤‡µç‡¥≤. ‡¥∑‡µã‡¥±‡µÇ‡¥Æ‡¥ø‡µΩ ‡¥µ‡¥ø‡¥≥‡¥ø‡¥ö‡µç‡¥ö‡¥™‡µç‡¥™‡µã‡µæ ‡¥Ö‡¥µ‡µº ‡¥Ö‡¥±‡¥ø‡¥Ø‡¥ø‡¥ö‡µç‡¥ö‡¥§‡µç Software updation ‡¥£‡µç ‡¥é‡¥®‡µç‡¥®‡¥æ‡¥£‡µç. ‡¥á‡¥™‡µç‡¥™‡µã‡µæ ‡¥á‡¥§‡¥æ ‡¥ö‡¥æ‡¥µ‡¥ø ‡¥á‡¥ü‡µç‡¥ü‡¥æ‡µΩ ‡¥ì‡µ∫ ‡¥Ü‡¥ï‡µÅ‡¥®‡µç‡¥®‡¥§‡µç ‡¥™‡µã‡¥≤‡µÅ‡¥Æ‡¥ø‡¥≤‡µç‡¥≤. Showroom technician ‡¥®‡µÜ ‡¥µ‡¥ø‡¥≥‡¥ø‡¥ö‡µç‡¥ö‡¥™‡µç‡¥™‡µã‡µæ ‡¥Ö‡¥µ‡¥®‡µç‡¥±‡µÜ ‡¥í‡¥∞‡µÅ ‡¥ï‡µä‡¥£‡¥æ‡¥Ø‡¥ü‡¥ø ‡¥∏‡¥Ç‡¥∏‡¥æ‡¥∞‡¥µ‡µÅ‡¥Ç...   Ola S1X + ‡¥é‡¥ü‡µÅ‡¥§‡µç‡¥§‡µÅ ‡¥ï‡µÅ‡¥ü‡µÅ‡¥ô‡µç‡¥ô‡¥ø‡¥Ø‡¥µ‡µº ‡¥Ü‡¥µ‡µÅ‡¥Ç ‡¥Ö‡¥ß‡¥ø‡¥ï‡¥µ‡µÅ‡¥Ç. ‡¥∏‡¥§‡µç‡¥Ø‡¥Ç ‡¥™‡¥±‡¥û‡µç‡¥û‡¥æ‡µΩ ‡¥á‡¥§‡µç‚Äå ‡¥µ‡¥æ‡¥ô‡µç‡¥ô‡µÅ‡¥®‡µç‡¥® ‡¥∏‡¥Æ‡¥Ø‡¥§‡µç‡¥§‡µç ‡¥™‡¥≤‡¥∞‡µÅ‡¥Ç ‡¥µ‡µá‡¥£‡µç‡¥ü‡¥æ ‡¥é‡¥ü‡µÅ‡¥ï‡µç‡¥ï‡¥£‡µç‡¥ü ‡¥é‡¥®‡µç‡¥®‡µç ‡¥™‡¥±‡¥û‡µç‡¥û‡¥ø‡¥∞‡µÅ‡¥®‡µç‡¥®‡µÅ, ‡¥Ö‡¥µ‡¥∞‡µÅ‡¥ü‡µÜ ‡¥Æ‡µÅ‡¥®‡µç‡¥®‡¥ø‡µΩ  ‡¥á‡¥™‡µç‡¥™‡µã‡µæ ‡¥ö‡µÜ‡¥≤‡µç‡¥≤‡¥æ‡µª ‡¥§‡¥®‡µç‡¥®‡µÜ ‡¥Æ‡¥ü‡¥ø‡¥Ø‡¥æ‡¥£‡µç. ‡¥®‡¥≤‡µç‡¥≤ ‡¥ä‡¥ï‡µç‡¥ï‡µÅ‡¥Ç ‡¥ï‡¥ø‡¥ü‡µç‡¥ü‡µÅ‡¥®‡µç‡¥®‡µÅ‡¥£‡µç‡¥ü‡µç ‡¥Ö‡¥§‡µç‡¥∞‡¥ï‡µç‡¥ï‡µç ‡¥Æ‡¥π‡¥ø‡¥Æ ‡¥™‡¥±‡¥û‡µç‡¥û‡¥ø‡¥∞‡µÅ‡¥®‡µç‡¥®‡µÅ ola ‡¥Ø‡µÜ‡¥ï‡µç‡¥ï‡µÅ‡¥±‡¥ø‡¥ö‡µç‡¥ö‡µç.... ü•≤ü•≤ü•≤  ev ‡¥µ‡¥æ‡¥π‡¥®‡¥Ç ‡¥é‡¥ü‡µÅ‡¥ï‡µç‡¥ï‡µÅ‡¥®‡µç‡¥®‡¥µ‡µº ‡¥â‡¥£‡µç‡¥ü‡µá‡µΩ Ather ‡¥é‡¥ü‡µÅ‡¥ï‡µç‡¥ï‡µÅ‡¥®‡µç‡¥®‡¥§‡¥æ‡¥µ‡µÅ‡¥Ç ‡¥®‡¥≤‡µç‡¥≤‡¥§‡µç ‡¥é‡¥®‡µç‡¥®‡µç ‡¥§‡µã‡¥®‡µç‡¥®‡µÅ‡¥®‡µç‡¥®‡µÅ",2025-08-04T09:45:24Z,0,2026-02-21T08:47:39.475648
youtube,h6e8bmMbVH0,@ratna6495,Ola down.,2025-07-30T18:00:09Z,1,2026-02-21T08:47:39.475648
youtube,h6e8bmMbVH0,@dhananjoshi,Battery change kiye to kitni km chali thi?,2025-07-30T02:27:55Z,1,2026-02-21T08:47:39.475648
youtube,h6e8bmMbVH0,@tanmayrajiv,Send mob no,2025-07-26T12:50:15Z,0,2026-02-21T08:47:39.475648
youtube,h6e8bmMbVH0,@readymode4098,Ammo,2025-07-22T02:12:56Z,1,2026-02-21T08:47:39.475648
