source,video_id,author,text,published_at,like_count,sentiment,raw_score,scaled_score,benchmark,confidence,fetched_at
youtube,-5nI1t5vREA,@youngthug_00,Wanna be Elon Musk ğŸ˜‚ğŸ˜‚,2026-02-16T17:47:00Z,0,Neutral,0,5.0,10,0.6457,2026-02-21T09:38:10.232981
youtube,-5nI1t5vREA,@naninani9155,"Sir yet I am suffering bcz of Ola electric, I bought Ola electric sabse faaltu Company, they frustrated me with issues service such a nightmare experience for me ... I am suffering pls DON'T BUY OLA ELECTRIC... else YOU WILL SUFFER",2026-02-05T10:36:54Z,0,Negative,-1,0.0,10,0.9417,2026-02-21T09:38:10.354518
youtube,-5nI1t5vREA,@gurmeetsingh74,"Good product but bad customer service will bring you a complaint.
Ola electric is dying unless it changes fast",2026-01-27T16:23:03Z,0,Negative,-1,0.0,10,0.9286,2026-02-21T09:38:10.431217
youtube,-5nI1t5vREA,@jeetrathod2422,He is working in making battery cells which can change energy-efficiency of our country,2026-01-09T15:36:36Z,0,Positive,1,10.0,10,0.5541,2026-02-21T09:38:10.528347
youtube,-5nI1t5vREA,@SouthRoyal,Ola made cheap ev scooter when people ask for service bhavish bought nationalism. If anyone ask more he brings hindutva also. These kind of business works for some years only.,2025-12-28T15:16:15Z,0,Neutral,0,5.0,10,0.3966,2026-02-21T09:38:10.645382
youtube,-5nI1t5vREA,@aishikgupta,Too much cash for Revenue Marketing,2025-12-12T13:33:36Z,0,Negative,-1,0.0,10,0.5752,2026-02-21T09:38:10.719107
youtube,-5nI1t5vREA,@arunv9197,"Wow, Great Short you correctly identify and explained clear and consizely what happened and ola failed.",2025-12-05T13:17:36Z,3,Positive,1,10.0,10,0.6968,2026-02-21T09:38:10.809237
youtube,-5nI1t5vREA,@amareshsat,He is one egoistic self centric CEO,2025-12-04T14:19:53Z,0,Negative,-1,0.0,10,0.9015,2026-02-21T09:38:10.878533
youtube,-5nI1t5vREA,@kickbuttowskii,"They have started manufacturing ferrite motors and manufacturing batteries from scratch , personally Ola will bounce back",2025-12-01T06:59:33Z,0,Positive,1,10.0,10,0.6207,2026-02-21T09:38:10.976071
youtube,-5nI1t5vREA,@ouzistyle5851,Very worst OLA Scooter service. Even now peoples are also boycotting their OLA cab service also ..... Bhavesh really fail in business,2025-12-01T05:49:35Z,0,Negative,-1,0.0,10,0.9205,2026-02-21T09:38:11.123150
youtube,-5nI1t5vREA,@110ksubscribers.20videos,"Harshad Mehta Vijay Mallya Rahim telgi
Etc.. pakda gaya wo chor hai jo bach Gaya wo suhana hai ğŸ˜®ğŸ˜®",2025-11-29T16:12:57Z,1,Neutral,0,5.0,10,0.3511,2026-02-21T09:38:11.265460
youtube,-5nI1t5vREA,@salin1982,Satisfying to watch,2025-11-28T02:37:16Z,1,Positive,1,10.0,10,0.9103,2026-02-21T09:38:11.343388
youtube,-5nI1t5vREA,@9rkonar,Bhavesh didn't Invited OLA app. It was a Copy of UBER!,2025-11-24T11:13:25Z,0,Neutral,0,5.0,10,0.5979,2026-02-21T09:38:11.428410
youtube,-5nI1t5vREA,@basimskhan8424,Fail ola scam ola bad ola,2025-11-24T07:40:44Z,0,Negative,-1,0.0,10,0.841,2026-02-21T09:38:11.506267
youtube,-5nI1t5vREA,@parichit7,Uber ko copy Kiya. Tesla ko nahi ğŸ˜‚,2025-11-23T17:02:38Z,0,Neutral,0,5.0,10,0.4832,2026-02-21T09:38:11.595275
youtube,-5nI1t5vREA,@Nishikant59,Fake person fake company,2025-11-22T12:29:27Z,0,Negative,-1,0.0,10,0.758,2026-02-21T09:38:11.696341
youtube,-5nI1t5vREA,@Ramrahimsinghinsan17,TVs hero and Bajaj auto are laughing in the corner ğŸ˜‚ğŸ˜‚ğŸ˜‚,2025-11-21T08:49:31Z,0,Neutral,0,5.0,10,0.3712,2026-02-21T09:38:11.790986
youtube,-5nI1t5vREA,@HemantPatil-c2x,"Now they are not taking complaints ğŸ˜¢ worst service, it's life time debtğŸ˜…",2025-11-20T19:18:45Z,0,Negative,-1,0.0,10,0.9517,2026-02-21T09:38:11.871319
youtube,-5nI1t5vREA,@shashwatpanda4,"He deserves it, middle class people bought that with their hard earned money and later knowing the reality and arrogant technicians, managers of company.",2025-11-19T14:35:56Z,0,Negative,-1,0.0,10,0.6588,2026-02-21T09:38:11.958091
youtube,-5nI1t5vREA,@pratapkverma6704,"I don't get one thing. Why these youtubers continue to bash Ola when for past one or two years, they have been repairing their image by launching actually good scooters designed for indian roads and service centers are getting better accross regions. I myself am an Ola scooter owner (the latest model) and its phenominal. Just wait for a turnaround story.",2025-11-18T18:00:57Z,0,Negative,-1,0.0,10,0.5792,2026-02-21T09:38:12.100305
youtube,-5nI1t5vREA,@showmickchandramitra6966,Bhavesh agarwal is just like arvind kejriwal,2025-11-15T15:38:35Z,1,Negative,-1,0.0,10,0.381,2026-02-21T09:38:12.176258
youtube,-5nI1t5vREA,@kmkv3647,Bhavesh agarwal oka kukka,2025-11-15T04:42:00Z,0,Positive,1,10.0,10,0.4042,2026-02-21T09:38:12.250360
youtube,-5nI1t5vREA,@sv8211,"So Instead of blaming the roads, we blame the company.",2025-11-14T13:50:48Z,0,Negative,-1,0.0,10,0.4884,2026-02-21T09:38:12.345213
youtube,-5nI1t5vREA,@user-ft6ji4nx8u,Bro called himself indian Elon musk ğŸ¤¡,2025-11-12T17:48:18Z,0,Negative,-1,0.0,10,0.7108,2026-02-21T09:38:12.413482
youtube,-5nI1t5vREA,@prabhatjain9274,Totally fraudulent company and highly arrogant Onwer and customer care,2025-11-11T13:43:15Z,0,Negative,-1,0.0,10,0.96,2026-02-21T09:38:12.484302
youtube,-5nI1t5vREA,@dm2060,"Let's not pretend Ola was his idea. He was copying Uber. At least Rapido created the driver side subscription model, ola didn't do anything original.",2025-11-11T11:48:00Z,0,Negative,-1,0.0,10,0.5295,2026-02-21T09:38:12.582362
youtube,-5nI1t5vREA,@vaibhavsingh4200,à¤¯à¥‡ à¤•à¥Œà¤¨ 20% à¤¹à¥ˆ à¤œà¥‹ à¤†à¤œ à¤­à¥€ à¤“à¤²à¤¾ à¤•à¤¾ à¤¸à¥à¤•à¥‚à¤Ÿà¤° à¤²à¥‡ à¤°à¤¹à¥‡ à¤¹à¥ˆ? à¤­à¤—à¤µà¤¾à¤¨ à¤‰à¤¨à¥à¤¹à¥‡à¤‚ à¤¸à¤¦à¥à¤¬à¥à¤¦à¥à¤§à¤¿ à¤¦à¥‡à¥¤,2025-11-10T12:00:50Z,0,Negative,-1,0.0,10,0.4796,2026-02-21T09:38:12.697989
youtube,-5nI1t5vREA,@TheboredConsultant,Wannabe Elon muskâ€¦or I say melon chusk,2025-11-10T08:17:28Z,0,Neutral,0,5.0,10,0.5719,2026-02-21T09:38:12.771131
youtube,-5nI1t5vREA,@theRedBarron-s9z,"Mid finger salute to Bhavish Aggarwal. Such a narcissistic asshole. Hope everyone leaves his company soon and make him a single man company.

People like these are the true definition of â€œbloody blood sucking capitalistsâ€.",2025-11-09T08:44:34Z,0,Negative,-1,0.0,10,0.9448,2026-02-21T09:38:12.915078
youtube,-5nI1t5vREA,@salimraja6991,Life is always some mistakes and failures in life. Don't blame. U want courage to start startups,2025-11-09T04:30:26Z,0,Negative,-1,0.0,10,0.4482,2026-02-21T09:38:13.010368
youtube,-5nI1t5vREA,@knowknowknowknowknow,Never underestimate a man who over estimates himself... Wait and watch another video soon... How OLA grew to be a undisputable auto giant...,2025-11-08T12:25:09Z,0,Negative,-1,0.0,10,0.387,2026-02-21T09:38:13.119043
youtube,-5nI1t5vREA,@syams84,Very soon ola will be shown it's place,2025-11-08T02:23:59Z,0,Neutral,0,5.0,10,0.5577,2026-02-21T09:38:13.209317
youtube,-5nI1t5vREA,@JuliousBehera,Ola company ko band kardiya bhi,2025-11-03T10:54:32Z,0,Negative,-1,0.0,10,0.4399,2026-02-21T09:38:13.279421
youtube,-5nI1t5vREA,@hrnair66,Ye chutia old video abi kyom publish karre? Few are literally after ola to tarnish his business,2025-11-01T01:24:56Z,1,Negative,-1,0.0,10,0.5672,2026-02-21T09:38:13.371221
youtube,-5nI1t5vREA,@it1970,He probably thinks problems will go away if he just keeps ignoring it or Ola is too big to fall but that will be their downfall.,2025-10-29T20:34:34Z,0,Negative,-1,0.0,10,0.8706,2026-02-21T09:38:13.493155
youtube,-5nI1t5vREA,@tronaldump001,"Bhavish is a classical case of arrogance, over confidence and greed",2025-10-27T11:19:49Z,0,Negative,-1,0.0,10,0.9244,2026-02-21T09:38:13.582099
youtube,-5nI1t5vREA,@srt_yt,Other companies growth is the main reason for OLA's downfall,2025-10-27T09:06:33Z,0,Negative,-1,0.0,10,0.8538,2026-02-21T09:38:13.679036
youtube,-5nI1t5vREA,@uuuu39,"No one beat Ola, wait 1 to 2 years after compare",2025-10-24T08:14:59Z,2,Neutral,0,5.0,10,0.597,2026-02-21T09:38:13.766128
youtube,-5nI1t5vREA,@sonfire1,"OLA made peoples take loans for Cab then slash all the incentives so all of them have to.sell there assets to.pay emis,
He will sure go to hell, he have distroyed many life's.",2025-10-24T05:00:03Z,1,Negative,-1,0.0,10,0.8704,2026-02-21T09:38:13.883272
youtube,-5nI1t5vREA,@ishqraja143,Chepputho kottali veedini all ola customers.,2025-10-18T12:30:06Z,0,Negative,-1,0.0,10,0.3944,2026-02-21T09:38:13.966687
youtube,-5nI1t5vREA,@rajuanil1001,Bhavesh is one scammer who living with blood money from common people and his ambition is to still make more money and run away with it hahaha,2025-10-17T06:28:08Z,0,Negative,-1,0.0,10,0.6275,2026-02-21T09:38:14.056142
youtube,-5nI1t5vREA,@Doctorcycle,"He forked up indian Uber, he stickered an european scooter, he tried to sticker AI and got caught 

He is not that great at copying/stickering imoğŸ˜¢",2025-10-12T08:11:30Z,0,Negative,-1,0.0,10,0.894,2026-02-21T09:38:14.152119
youtube,-5nI1t5vREA,@26herbs47,"Bhavesh is very successfull
 For every scooter sold for 1.50 lacs the company valuation grows by 1.5 lacs.",2025-10-10T05:40:44Z,0,Positive,1,10.0,10,0.6451,2026-02-21T09:38:14.240836
youtube,-5nI1t5vREA,@Mrweirdomanable,"""Bhavish saw taking cabs in India was a nightmare"" vs ""Bhavish copied Uber's model and changed the name""",2025-10-09T21:03:08Z,0,Negative,-1,0.0,10,0.7422,2026-02-21T09:38:14.340899
youtube,-5nI1t5vREA,@butter-i4k,Indian startups are waste. Their focus is to just get another series.,2025-10-04T13:12:14Z,0,Negative,-1,0.0,10,0.9106,2026-02-21T09:38:14.439389
youtube,-5nI1t5vREA,@swarupnayak850,"Pathetic OLA Service.

Mine lying dead in service centre for last 70 days..

Still under warranty...",2025-10-02T00:22:32Z,0,Negative,-1,0.0,10,0.9508,2026-02-21T09:38:14.528288
youtube,-5nI1t5vREA,@abhijeet00i7,Sorry to say this is the first video from your channel that I have disliked instead of like and share because of incomplete research and facts.you didn't mention darker side of it.,2025-10-01T17:54:09Z,0,Negative,-1,0.0,10,0.9144,2026-02-21T09:38:14.652191
youtube,-5nI1t5vREA,@manasmahapatra4659,"Fastest service y 4month in service center not Reddy parts not available so please don't purchased any ola OD02CG7109

Sat 10:40 pm

Ola scuty number 1 frud company 
Ola is harassment company 
Ola is a bigest schm company 
Ola is a not resel use company 
Ola is a bigest thip company 
Ola is a use &through company.
Ola scuty parts not available company. Thanks Ola Service 
Please don't ğŸ™ purchased any ola company scuty my scuty
Ola s1 pro OD02CG7109 100 DAYS NOT SERVICE, 1000 scuty + PARTS NOT AVAILABLE IN BHUBANESWAR ODISHA
Thank you",2025-09-24T14:45:08Z,0,Negative,-1,0.0,10,0.5474,2026-02-21T09:38:14.860104
youtube,-5nI1t5vREA,@Mrgocool_1155,CEO is not a good chap,2025-09-22T02:05:02Z,0,Negative,-1,0.0,10,0.9272,2026-02-21T09:38:14.953158
youtube,-5nI1t5vREA,@SunilGupta-tg1ww,"Did he have a realisation, or a foreign copy",2025-09-21T04:11:44Z,0,Neutral,0,5.0,10,0.7751,2026-02-21T09:38:15.039315
youtube,-5nI1t5vREA,@Krissnow-f2l,I dont understand this idiot ideağŸ˜‚ğŸ˜‚ he can release new vehicle by manufacturing but cant give proper service with proper spare parts ğŸ˜‚ğŸ˜‚ğŸ˜‚ he doesn't even knkw the value of his own company.. if he can fix the service ola can be best of best vehicle in india,2025-09-21T03:07:40Z,0,Negative,-1,0.0,10,0.6669,2026-02-21T09:38:15.173005
youtube,-5nI1t5vREA,@Revenox,"Innovation âŒ
Copy of Uber âœ…",2025-09-19T09:23:09Z,0,Neutral,0,5.0,10,0.7087,2026-02-21T09:38:15.240247
youtube,-5nI1t5vREA,@hellomr.respect8743,Fuck ola electric,2025-09-17T12:04:05Z,1,Negative,-1,0.0,10,0.6672,2026-02-21T09:38:15.330333
youtube,-5nI1t5vREA,@aniketprasad3128,Taking ola is also a tough job,2025-09-16T14:07:23Z,0,Negative,-1,0.0,10,0.6366,2026-02-21T09:38:15.420403
youtube,-5nI1t5vREA,@IAmA-D,"e access? 

 ""Indian electric vehicles companies"". Ola Electric Ather Energy Chetak these GANGS sells GARBAGE and LOOT money. Bring e access as fast as possible. I've access 125 it's still running without any issues. So I want to test Suzuki Motorcycle India",2025-09-15T13:25:45Z,0,Negative,-1,0.0,10,0.6836,2026-02-21T09:38:15.548290
youtube,-5nI1t5vREA,@NanakAadJugaad,"People working with Bhavesh has spoken about his arrogant, abusive behaviour with his employees. Uninstalled ola app for my good friends and promised myself even if Iâ€™d have to walk never will choose ola or its products even! Right decision in all ways! ğŸ˜Š",2025-09-10T16:40:40Z,0,Negative,-1,0.0,10,0.3704,2026-02-21T09:38:15.675244
youtube,-5nI1t5vREA,@AditiBelakuAdmin,Bhavesh guy is a jokerğŸ˜‚,2025-09-09T15:34:23Z,0,Negative,-1,0.0,10,0.6907,2026-02-21T09:38:15.744613
youtube,-5nI1t5vREA,@RidhaaRaza,Product is key marketing is not were smart money goes its done to luare the heard,2025-09-08T00:57:18Z,0,Neutral,0,5.0,10,0.5571,2026-02-21T09:38:15.826958
youtube,-5nI1t5vREA,@ILoveMartyrPleasedatememartyr,DO NOT REDEEM THE CARD,2025-09-06T05:20:43Z,0,Negative,-1,0.0,10,0.8841,2026-02-21T09:38:15.886304
youtube,-5nI1t5vREA,@kalrat1000,Taking Cab from Ola is still a nightmare no customer support provided by them,2025-08-31T00:37:14Z,0,Negative,-1,0.0,10,0.9357,2026-02-21T09:38:15.965067
youtube,-5nI1t5vREA,@rajsuman9284,Bhavesh is a copycat. Fraud.   Don't make him great.. it's bullshit..,2025-08-28T21:37:24Z,0,Negative,-1,0.0,10,0.93,2026-02-21T09:38:16.042318
youtube,-5nI1t5vREA,@VaibhavSharma-l4b,When was Bhavish ever a hero? Ola was always pathetic!!,2025-08-27T17:54:39Z,0,Negative,-1,0.0,10,0.8995,2026-02-21T09:38:16.117305
youtube,-5nI1t5vREA,@Slimshady68356,"He is indain version of elon musk ,but with ambition not with vision.",2025-08-27T05:37:31Z,0,Neutral,0,5.0,10,0.4014,2026-02-21T09:38:16.197069
youtube,-5nI1t5vREA,@mayank1846,Ather is much better than Ola,2025-08-26T17:33:47Z,0,Positive,1,10.0,10,0.6315,2026-02-21T09:38:16.257873
youtube,-5nI1t5vREA,@atpeacewithall,"Bhavesh doesn't have an eye for details. 
The big picture can motivate and get things done but efficiency and effectiveness are achieved by meticulous hard work.",2025-08-26T13:59:59Z,0,Positive,1,10.0,10,0.5062,2026-02-21T09:38:16.362003
youtube,-5nI1t5vREA,@ArunBabu-y1e,Now getting ola electric serviced is terrific!,2025-08-24T13:49:42Z,0,Positive,1,10.0,10,0.889,2026-02-21T09:38:16.445235
youtube,-5nI1t5vREA,@bhaweshpant533,Terrible service and very bad product,2025-08-24T10:36:38Z,0,Negative,-1,0.0,10,0.9456,2026-02-21T09:38:16.503408
youtube,-5nI1t5vREA,@k.raghuramchakravorthy6047,"The schadenfreude I get on seeing Bhavish is just too good. Guy had a company with one of the worst work cultures in the entire country, coupled with his ruthlessness and arrogance. I hope he makes a comeback, yes, but once he's humbled.",2025-08-23T12:03:35Z,0,Negative,-1,0.0,10,0.7628,2026-02-21T09:38:16.614500
youtube,-5nI1t5vREA,@PrinceDelhi86,https://youtu.be/qhUKI1JYQg8  ola dead in 10 days,2025-08-22T09:11:46Z,0,Neutral,0,5.0,10,0.6118,2026-02-21T09:38:16.706004
youtube,-5nI1t5vREA,@esantosh5208,They are at the starting stage. It takes some time,2025-08-22T06:14:10Z,0,Neutral,0,5.0,10,0.7572,2026-02-21T09:38:16.775247
youtube,-5nI1t5vREA,@humanoid4you,Buying ola is like suicide,2025-08-20T21:36:50Z,0,Negative,-1,0.0,10,0.8543,2026-02-21T09:38:16.843222
youtube,-5nI1t5vREA,@the_faraaz,Ola is gonna be the next Byju's of India,2025-08-19T07:12:44Z,0,Neutral,0,5.0,10,0.6857,2026-02-21T09:38:16.916300
youtube,-5nI1t5vREA,@SK-YOUHUB,Close the company no serivce after sale all are rowdies at service center unprofessional peoples,2025-08-18T09:42:36Z,0,Negative,-1,0.0,10,0.9233,2026-02-21T09:38:16.995369
youtube,-5nI1t5vREA,@freedomfromlies,"Bhadvish Gutterwal is a slave driver who believes that employees should work 24/7 for HIS ""vision."" 


His vision is nothing but forking already existing ideas into a cheap copy and introducing them to the indian market. Dude is but an Elon Musk cosplayer (shitty choice). 

Dude does not believe in accountability and work life balance- thus he needs to bite the bullet.",2025-08-17T20:45:15Z,0,Negative,-1,0.0,10,0.8997,2026-02-21T09:38:17.133215
youtube,-5nI1t5vREA,@ChickensareDragons,Dude why are you everywhere? I didn't even subscribe.,2025-08-17T02:07:15Z,0,Negative,-1,0.0,10,0.8957,2026-02-21T09:38:17.212294
youtube,-5nI1t5vREA,@IRL_Spandan,Comment mein bohot sare OLA owners dikh rahe hain ğŸ˜‚ğŸ˜‚ğŸ˜‚ğŸ˜‚...... OLA is just a waste of money,2025-08-16T04:04:26Z,0,Negative,-1,0.0,10,0.7866,2026-02-21T09:38:17.293137
youtube,-5nI1t5vREA,@RishabhBishnoi-j3d,"He works 20 hours per day, 7 days a week. ğŸ˜‚ğŸ˜‚ğŸ˜‚ Such people are liars, and want slavery or forced labour.",2025-08-15T18:49:42Z,0,Negative,-1,0.0,10,0.8758,2026-02-21T09:38:17.390093
youtube,-5nI1t5vREA,@askcompliance,"Yep, SAD ola owner",2025-08-15T10:24:25Z,0,Negative,-1,0.0,10,0.8971,2026-02-21T09:38:17.467283
youtube,-5nI1t5vREA,@randomvideoz108,European scooters?? We have the best scooters in the world in India itself. Stupid decision.,2025-08-15T07:09:16Z,0,Negative,-1,0.0,10,0.7819,2026-02-21T09:38:17.549821
youtube,-5nI1t5vREA,@fbkensarhd5279,Inferior Euro peeing scooters,2025-08-15T00:32:23Z,0,Neutral,0,5.0,10,0.3856,2026-02-21T09:38:17.622508
youtube,-5nI1t5vREA,@edwinharvey2226,Ola taxi was a copy cat idea of uber and ev simply unworthy.. see how Ather took their own time to become a successful brand,2025-08-13T18:17:07Z,0,Negative,-1,0.0,10,0.8733,2026-02-21T09:38:17.722539
youtube,-5nI1t5vREA,@prathameshpimputkar,Bhavesh just copied Uber not any new idea. OLA electric is just rebranded chinese scooters. So its just a copycat not a new idea,2025-08-12T18:12:00Z,0,Negative,-1,0.0,10,0.7669,2026-02-21T09:38:17.813553
youtube,-5nI1t5vREA,@aavinashchaliha7810,"These are basic marketing skills. And they overlooked them, why?",2025-08-08T17:38:34Z,0,Negative,-1,0.0,10,0.8665,2026-02-21T09:38:17.889948
youtube,-5nI1t5vREA,@DomainOfChildren,Fraud hai yeh admi,2025-08-08T12:02:17Z,0,Negative,-1,0.0,10,0.727,2026-02-21T09:38:17.962648
youtube,-5nI1t5vREA,@samreenb6616,Comparing rapido and ola the prices of ola booking has also gone up comparatively,2025-08-06T06:58:46Z,0,Neutral,0,5.0,10,0.565,2026-02-21T09:38:18.044359
youtube,-5nI1t5vREA,@FreeBrosman,"Chasing success, not building success.",2025-08-05T04:24:59Z,0,Neutral,0,5.0,10,0.5555,2026-02-21T09:38:18.100920
youtube,-5nI1t5vREA,@bharath_mangalore,If this guy focus on service then nobody can stop ola,2025-08-02T17:22:05Z,1,Neutral,0,5.0,10,0.3926,2026-02-21T09:38:18.176299
youtube,-5nI1t5vREA,@jeevansonawane1603,Don't buy ola west of money chutiya series,2025-08-02T01:48:18Z,0,Negative,-1,0.0,10,0.6149,2026-02-21T09:38:18.258421
youtube,-5nI1t5vREA,@ytuser7661,He should probably shut his mouth,2025-08-01T13:45:49Z,0,Negative,-1,0.0,10,0.837,2026-02-21T09:38:18.319100
youtube,-5nI1t5vREA,@kevinfernandez9999,I chose ather over ola. The best decision i ever made ğŸ˜‚,2025-07-31T18:57:57Z,0,Positive,1,10.0,10,0.8807,2026-02-21T09:38:18.396321
youtube,-5nI1t5vREA,@xyzTheTruth,"My Ola S1 Pro Gen 1 is still stuck in Nagpur's Service Center for almost 2 month's now!! I am fed up of this scammer , lier , arrogant , thief mindset Ola people!!",2025-07-31T18:46:57Z,1,Negative,-1,0.0,10,0.9468,2026-02-21T09:38:18.506069
youtube,-5nI1t5vREA,@Oceansta,startup hero? anyone can do a cash burn business.,2025-07-31T12:57:05Z,0,Neutral,0,5.0,10,0.7066,2026-02-21T09:38:18.585321
youtube,-5nI1t5vREA,@lenrox007,Please dont forget or negate Kamraâ€™s contribution in showing arrogant Bhavish his place!,2025-07-30T18:22:22Z,0,Negative,-1,0.0,10,0.6609,2026-02-21T09:38:18.677238
youtube,-5nI1t5vREA,@Balinformative,Quality is also matters ğŸ˜‚ğŸ˜‚ğŸ˜‚,2025-07-30T16:23:28Z,0,Neutral,0,5.0,10,0.6619,2026-02-21T09:38:18.745319
youtube,-5nI1t5vREA,@madhugj8645,This Shameless rascal Bhavish agarwal said he only employ women in Ola company.,2025-07-30T06:45:15Z,0,Negative,-1,0.0,10,0.8163,2026-02-21T09:38:18.826045
youtube,-5nI1t5vREA,@arastutomar40,Technically poor road mgmt and government corruption ate this brilliant ğŸ’¡,2025-07-29T15:05:29Z,0,Negative,-1,0.0,10,0.7728,2026-02-21T09:38:18.908946
youtube,-5nI1t5vREA,@jeevanmathew7268,An incomplete and incompetent product. Seems like everything Bhavesh Agarwal designs is flawed including Ola cabs.,2025-07-29T10:35:30Z,0,Negative,-1,0.0,10,0.9286,2026-02-21T09:38:18.997905
youtube,-5nI1t5vREA,@satyach1263,Complete bs. It wa intentionally cheating. Fact he was not convicted or behind bars only speaks of the corruption in the country. Poor Uber and Ola drivers dreaming this spent lakhs. Crook !,2025-07-28T18:56:50Z,0,Negative,-1,0.0,10,0.9494,2026-02-21T09:38:19.100416
youtube,-5nI1t5vREA,@AkashAllahabadi7,"Mercedes waali Ola ğŸ˜†
Waah bhaiyaji waah ğŸ¤­",2025-07-28T08:13:52Z,0,Positive,1,10.0,10,0.5228,2026-02-21T09:38:19.178855
youtube,-5nI1t5vREA,@Alucardd-v1e,That accent is unacceptable bro.,2025-07-27T15:52:55Z,0,Negative,-1,0.0,10,0.9588,2026-02-21T09:38:19.237902
youtube,rRbqOK19cM0,@parasthakur8442,Touchings your phone evertime irritates..,2026-02-19T12:23:58Z,0,Negative,-1,0.0,10,0.9332,2026-02-21T09:38:20.128286
youtube,rRbqOK19cM0,@music-vd2dl,Quality of Indian engineering ğŸ˜‚,2026-02-17T23:37:21Z,0,Positive,1,10.0,10,0.5743,2026-02-21T09:38:20.203332
youtube,rRbqOK19cM0,@clovernikki7312,"Right now, as I'm watching this video, my Ola scooter is sitting outside my house, not turning on.i can't even restart",2026-02-09T04:57:32Z,0,Negative,-1,0.0,10,0.8008,2026-02-21T09:38:20.290082
youtube,rRbqOK19cM0,@naninani9155,"PLEASE DON'T BUY OLA ELECTRIC SCOOTY, i bought OLA that is biggest mistake i have done in My life, since i bought it lots of issues but the service is nightmare such a worst experience for me, employees in service centre are very rude , pls DON'T BUY OLA , i am suffering alot, you can't....",2026-02-05T18:06:32Z,0,Negative,-1,0.0,10,0.944,2026-02-21T09:38:20.422782
youtube,rRbqOK19cM0,@Hs-cd9et,Paid,2026-02-04T07:49:34Z,0,Negative,-1,0.0,10,0.4082,2026-02-21T09:38:20.465086
youtube,rRbqOK19cM0,@SpRideAndReview,"à¤“à¤²à¤¾ à¤¬à¤¹à¥à¤¤ à¤¬à¤¢à¤¼à¥€ à¤¸à¥à¤•à¥ˆà¤®à¤° à¤•à¤‚à¤ªà¤¨à¥€ à¤¹à¥ˆ à¥¤ à¤¯à¥‡ à¤…à¤ªà¤¨à¥‡ à¤µà¤°à¥à¤•à¤° à¤®à¥ˆà¤•à¥‡à¤¨à¤¿à¤• à¤•à¥‹ à¤¨à¤¿à¤•à¤¾à¤² à¤°à¤¹à¥‡ à¤¹à¥ˆ à¤¹à¤° à¤¸à¤°à¥à¤µà¤¿à¤¸ à¤¸à¥‡à¤‚à¤Ÿà¤° à¤®à¥‡à¤‚ à¤•à¤ˆ à¤¸à¥ˆà¤•à¤¡à¤¼à¥‹ à¤¨à¥à¤¯à¥‚ à¤¸à¥à¤•à¥‚à¤Ÿà¤° à¤¬à¤¿à¤—à¤¡à¤¼à¥‡ à¤ªà¤¢à¤¼à¥‡ à¤¹à¥ˆ à¤¸à¥ˆà¤¡ à¤°à¤¹à¥‡ à¤¹à¥ˆ à¤§à¥‚à¤² à¤–à¤¾ à¤°à¤¹à¥‡ à¤¹à¥ˆ à¥¤ à¤¬à¥‡à¤šà¤¾à¤°à¥‡ à¤†à¤® à¤†à¤¦à¤®à¥€ emi à¤ªà¤° à¤‡à¤¨à¥à¤¹à¥‡à¤‚ à¤‰à¤§à¤° à¤²à¥‡à¤•à¤° à¤ªà¥ˆà¤¸à¥‡ à¤¦à¤¿à¤ à¤¹à¥ˆ  à¤¸à¥à¤•à¥‚à¤Ÿà¤° à¤•à¥‡ à¤¬à¤¦à¤²à¥‡ à¥¤

à¤­à¤¾à¤µà¥‡à¤¶ à¤…à¤—à¥à¤°à¤µà¤¾à¤² à¤ªà¤° à¤¤à¥à¤°à¤‚à¤¤ à¤•à¤¾à¤¨à¥‚à¤¨à¥€ à¤•à¤¾à¤°à¥à¤¯à¤µà¤¾à¤¹à¥€ à¤¹à¥‹à¤¨à¥€ à¤šà¤¾à¤¹à¤¿à¤ à¥¤ à¤œà¥‡à¤² à¤®à¥‡à¤‚ à¤¡à¤¾à¤²à¤¨à¤¾ à¤šà¤¾à¤¹à¤¿à¤ à¥¤ à¤¸à¤°à¥à¤µà¤¿à¤¸ à¤¸à¥‡à¤‚à¤Ÿà¤° à¤µà¤¾à¤²à¥‡ à¤¨ à¤¸à¤°à¥à¤µà¤¿à¤¸ à¤•à¤°à¤¤à¥‡ à¤¹à¥ˆ , à¤¨ à¤•à¥‰à¤² à¤°à¤¿à¤¸à¥€à¤µ à¤•à¤°à¤¾à¤Ÿà¥‡ à¤¹à¥ˆ à¤¨ à¤¹à¥€ à¤°à¤¿à¤ªà¥à¤²à¤¾à¤ˆ à¤•à¤°à¤¤à¥‡ à¤¹à¥ˆ à¥¤ à¤‡à¤‚à¤¡à¤¿à¤¯à¤¨ à¤•à¤‚à¤ªà¤¨à¥€ à¤•à¥‡ à¤¨à¤¾à¤® à¤ªà¤° à¤•à¤²à¤‚à¤• à¤¹à¥ˆ à¤“à¤²à¤¾",2026-02-03T13:55:25Z,0,Negative,-1,0.0,10,0.6035,2026-02-21T09:38:20.605228
youtube,rRbqOK19cM0,@rajatpanchal7988,"Ola bahut bekkar h , don't buy ola, Bhawesh agarwal ko company ka experience nhi h",2026-02-01T04:49:49Z,0,Negative,-1,0.0,10,0.5598,2026-02-21T09:38:20.687383
youtube,rRbqOK19cM0,@RajeshKumar-dm3xd,mELON MusK,2026-01-28T05:29:28Z,0,Neutral,0,5.0,10,0.5286,2026-02-21T09:38:20.747060
youtube,rRbqOK19cM0,@juggernaut6199,These youtubers don't do anything unless they're paid.,2026-01-27T07:53:34Z,0,Negative,-1,0.0,10,0.5714,2026-02-21T09:38:20.820292
youtube,rRbqOK19cM0,@DaredevilTech,I take ola to create camping videos in forest and I don't regret,2026-01-25T18:20:41Z,0,Positive,1,10.0,10,0.5906,2026-02-21T09:38:20.896186
youtube,rRbqOK19cM0,@sujitwarrier4857,Why are you surprised? The CEO is a wanna be Elon Musk who is a scammer himself.,2026-01-20T01:17:58Z,0,Negative,-1,0.0,10,0.892,2026-02-21T09:38:20.976010
youtube,rRbqOK19cM0,@bijusenaoo7,Ola should earn from repair and maintenance.,2026-01-14T13:42:21Z,0,Neutral,0,5.0,10,0.5374,2026-02-21T09:38:21.032466
youtube,rRbqOK19cM0,@BKB_Shorts12,"Bro can you make a video on hub motor of ola s1x gen2 , the new hub motor, does ola giving warranty on its new hub motor after warranty expired if purchase,can you find some information on hub motor cost specs and power, please make a video on this ğŸ˜¢",2026-01-11T19:37:18Z,0,Neutral,0,5.0,10,0.5755,2026-02-21T09:38:21.144162
youtube,rRbqOK19cM0,@aadithebunnylover3678,Oneday the dream of these Draculas to make people work for 70 hours will burn to ashes just like their startups ğŸ¤,2026-01-08T07:19:46Z,0,Positive,1,10.0,10,0.4264,2026-02-21T09:38:21.225908
youtube,rRbqOK19cM0,@meetjadav403,ego of the founder,2025-12-31T14:36:27Z,0,Negative,-1,0.0,10,0.4932,2026-02-21T09:38:21.290857
youtube,rRbqOK19cM0,@Raoof1184,"Hopefully the whole of country will ban ola ev, it's a use and throw scooter.",2025-12-28T04:46:32Z,0,Negative,-1,0.0,10,0.7785,2026-02-21T09:38:21.365116
youtube,rRbqOK19cM0,@boldschool6308,Calling Kunal kamra a comedian is a joke on you man,2025-12-22T07:43:29Z,0,Negative,-1,0.0,10,0.8533,2026-02-21T09:38:21.436437
youtube,rRbqOK19cM0,@Svahan-q9c,"2:56 Bangalore is in Karnataka, not Tamil Nadu. Get your facts right.",2025-12-21T16:14:23Z,2,Neutral,0,5.0,10,0.6278,2026-02-21T09:38:21.512303
youtube,rRbqOK19cM0,@rajchheda6947,"Took the test ride in 2022, so glad I didn't buy it. Went for Activa 6g and not regretting it!",2025-12-19T14:03:59Z,0,Positive,1,10.0,10,0.6792,2026-02-21T09:38:21.602295
youtube,rRbqOK19cM0,@blitz1nithin,Bhavesh is the Ghandhiji of 21st century. He used nationalism to fool indians into buying european garbage EV,2025-12-19T05:23:05Z,0,Negative,-1,0.0,10,0.7889,2026-02-21T09:38:21.695220
youtube,rRbqOK19cM0,@YasiramPapu,Bhavesh ko chorahe pe khada karke khoob galiyan do to shayad kuch ho,2025-12-18T14:41:19Z,0,Positive,1,10.0,10,0.3572,2026-02-21T09:38:21.772058
youtube,rRbqOK19cM0,@souravbanerjee4833,New Ola scooter technical fault happened thrice at the time of delivery to the customer. So think again and again what happen with us if scooter malfunction on the middle of the highway and my personal opinion it's a life risk scooter which made in Ola future factory.ğŸ˜¢ğŸ˜¢ğŸ˜¢,2025-12-18T08:11:14Z,0,Negative,-1,0.0,10,0.9075,2026-02-21T09:38:21.893089
youtube,rRbqOK19cM0,@divineblessings3780,Lower topend speed with bigger mileage and shorter charging time. This is the only way to go.,2025-12-17T11:40:41Z,0,Positive,1,10.0,10,0.5467,2026-02-21T09:38:21.976952
youtube,rRbqOK19cM0,@divineblessings3780,Low numbers initially study feedback and fix issues and make custimers feel in comtrol...inatead of running it like a tech company they got greedy made ut quick cash scam. It another country they would have been jailed.,2025-12-17T11:36:13Z,0,Negative,-1,0.0,10,0.9044,2026-02-21T09:38:22.080731
youtube,rRbqOK19cM0,@BilalQureshi-sh2vj,I have Ola S1 Air and Activa 6g both have 3 years old but I found that Activa is more affordable overall than Ola. Guys don't buy Ola it's a irritating toy. ğŸ˜’,2025-12-16T07:50:00Z,0,Negative,-1,0.0,10,0.9464,2026-02-21T09:38:22.176066
youtube,rRbqOK19cM0,@arjunrao636,"Don't buy OLA, you will regret if you buy. I have bought one , waste of money. Very very very bad service, infact there is no service. Impossible to book a slot for any repairs + it's the most dangerous scooter as it abruptly stops while driving. Most unsafe scooter to drive, don't buy and don't risk your life.",2025-12-11T13:49:32Z,0,Negative,-1,0.0,10,0.9516,2026-02-21T09:38:22.306154
youtube,rRbqOK19cM0,@review24-bs7qd,"Ola is heading to next to Kingfisher Airlines, Jet Airways, Bijuâ€™s app, Nokia, Tata Docomo, Aircel etc.",2025-12-10T14:41:37Z,0,Neutral,0,5.0,10,0.7947,2026-02-21T09:38:22.389305
youtube,rRbqOK19cM0,@San-n4u8s,"A company built on lies. If the leadership is shit, their product would also be shit.",2025-12-09T16:00:24Z,0,Negative,-1,0.0,10,0.9214,2026-02-21T09:38:22.467104
youtube,rRbqOK19cM0,@Indiantrav,à¤­à¤¾à¤µà¥‡à¤¶ à¤¨à¤¾à¤® à¤•à¥‡ à¤²à¥‹à¤— fraud à¤¹à¥€ à¤¹à¥‹à¤¤à¥‡ à¤¹à¥‡,2025-12-08T19:28:27Z,0,Negative,-1,0.0,10,0.6844,2026-02-21T09:38:22.534216
youtube,rRbqOK19cM0,@mayurjadhav7326,"amezing video brother,,, actully the hyped customer, lack of electric grid for the charging. product was good but service is the key and that is missing",2025-12-07T18:23:11Z,0,Negative,-1,0.0,10,0.6996,2026-02-21T09:38:22.641083
youtube,rRbqOK19cM0,@pratik11p,Soon bhavesh will join BJP to save his ass,2025-12-07T03:37:15Z,0,Negative,-1,0.0,10,0.3934,2026-02-21T09:38:22.717600
youtube,rRbqOK19cM0,@lolz4825,"ola is shit...i am a user from 2 years ,so many issues",2025-12-06T21:05:55Z,0,Negative,-1,0.0,10,0.9433,2026-02-21T09:38:22.789941
youtube,rRbqOK19cM0,@RahulGautam746,"I courier my ola from hometown to mumbai, and there were no charging stations, my landlord not allowing to charge at my placeâ€¦so i had to write an email to my office to allow me charge my scooter and now every Sunday i go to office to charge it, i still get fear if any issue happens in scooter where will i go yo repair itğŸ˜¢",2025-12-05T05:04:04Z,0,Negative,-1,0.0,10,0.8484,2026-02-21T09:38:22.916269
youtube,rRbqOK19cM0,@shrawankadam5594,My scooter is at service center from last 6 month,2025-12-05T03:54:54Z,0,Neutral,0,5.0,10,0.8709,2026-02-21T09:38:22.986154
youtube,rRbqOK19cM0,@shrawankadam5594,Ola is shutdown their service center in mumbai,2025-12-05T03:54:11Z,0,Negative,-1,0.0,10,0.8726,2026-02-21T09:38:23.060151
youtube,rRbqOK19cM0,@PrabhjotSingh-px7bp,"Bss yehi problem hai zyadatar indians ki jbb India k liye video bnn rhi hai to video Hindi mein bnayi ja skti hai 

Angrez to chle gye lekin ye gulaami nhi ja rhi",2025-12-04T05:59:52Z,0,Negative,-1,0.0,10,0.4756,2026-02-21T09:38:23.160878
youtube,rRbqOK19cM0,@naavlogs5503,"Bhavesh is a arrogant and supported by bjp as usual as guzzi
His head strongness is very much reason for his failures like another IIT,an.  Ashneer grover.
These two arrogant's are started but failed miserably by not honouring their partners, technicians, and well wishers. And perished.
Ola agarwal doesn't think about after sales.and public grievances. He mocked the critics and consumers instead of listening their warnings.
The charging network is not a reason for ola. but customer service of ola is as worst in the world.
A person don't having any technical knowledge of a product ,and only push it's faulty product to offer customers and denied service is one line failure history of ola
That's the beginning of the end",2025-12-03T02:06:12Z,0,Negative,-1,0.0,10,0.8833,2026-02-21T09:38:23.376358
youtube,rRbqOK19cM0,@redmoonnnnnnn,Kunal Kamra ate it.,2025-12-01T16:37:56Z,0,Negative,-1,0.0,10,0.3457,2026-02-21T09:38:23.429056
youtube,rRbqOK19cM0,@KanishQQuotes,"They forget that selling products is different from selling services
Another thing is automobile ownership is lot more than assembling a vehicle from bunch of parts sourced from the market
There's after sales support that can make or break the experience
Ather took the safe route for starting in bangalore only and slowly spread out
While tvs , bajaj and hero simply launched 1 product only and even they weren't launched nationwide at once. Both Iqube and chetak ev weren't available in Delhi for a long time .",2025-12-01T14:44:37Z,0,Negative,-1,0.0,10,0.5151,2026-02-21T09:38:23.582966
youtube,rRbqOK19cM0,@KanishQQuotes,Stick to tvs,2025-12-01T14:42:08Z,0,Negative,-1,0.0,10,0.538,2026-02-21T09:38:23.638955
youtube,rRbqOK19cM0,@jaharpaul8279,Honest video real story of OLA electric,2025-12-01T14:25:09Z,0,Neutral,0,5.0,10,0.7172,2026-02-21T09:38:23.715243
youtube,rRbqOK19cM0,@sunandep4103,It's a well made video ğŸ‘ğŸ»,2025-12-01T07:47:54Z,0,Positive,1,10.0,10,0.9291,2026-02-21T09:38:23.782557
youtube,rRbqOK19cM0,@AlokPandey-l2p,Bhai kuchha bhi Lena but ola mat len,2025-11-30T08:56:15Z,1,Neutral,0,5.0,10,0.3475,2026-02-21T09:38:23.848353
youtube,rRbqOK19cM0,@YashChoudhary-c5w,well only indian brands have to suffer that to startups as american based company (youtube)chinese hardware and apps(mobiles and their os and media and camera owned due to their chips and want to destroy indian business)only entrepreneurs know the real game going on even who knows how they make stuff for indian business so that it fails and they have master control.So still somewhere totally skipping is not right youtubers are paid money from various sources you never know.,2025-11-29T09:55:42Z,0,Negative,-1,0.0,10,0.8532,2026-02-21T09:38:23.987927
youtube,rRbqOK19cM0,@satishdombe6886,"not purchase ola electric 
very very problem service centre not repaire",2025-11-28T18:58:55Z,0,Negative,-1,0.0,10,0.8431,2026-02-21T09:38:24.057373
youtube,rRbqOK19cM0,@jaferluqman2010,OLA ELECTRIC SHOULD BE BOUGHT BY EICHER GROUP.,2025-11-28T14:01:40Z,0,Negative,-1,0.0,10,0.5666,2026-02-21T09:38:24.134268
youtube,rRbqOK19cM0,@sj_wanders,People don't see the bigger version - its not a scooter company guys !!! Such idiotic videos are waste of life,2025-11-28T04:31:41Z,0,Negative,-1,0.0,10,0.948,2026-02-21T09:38:24.215272
youtube,rRbqOK19cM0,@FinGrowInsights-c2x,"Great information! ğŸ‘
Iâ€™ve also made a short IPO explanation video covering the risks, precautions, and case studies of Lenskart & Paytm.
If youâ€™re interested, do check out the IPO video on my channel! ğŸ“ˆğŸ¥",2025-11-27T17:39:24Z,0,Positive,1,10.0,10,0.6733,2026-02-21T09:38:24.319131
youtube,rRbqOK19cM0,@tj3397,"Andh bhakts were defending Ola so much 
lol",2025-11-27T11:13:47Z,0,Negative,-1,0.0,10,0.3514,2026-02-21T09:38:24.396175
youtube,rRbqOK19cM0,@MorbiusBlueBalls,Kunal kamra walks in in the post credit scene,2025-11-26T15:52:31Z,2,Neutral,0,5.0,10,0.4528,2026-02-21T09:38:24.486240
youtube,rRbqOK19cM0,@akshay_9854,à¤«à¤¾à¤‰à¤‚à¤¡à¤° à¤•à¤¾ à¤šà¥‡à¤¹à¤°à¤¾ à¤¦à¥‡à¤– à¤¹à¥€ à¤²à¤— à¤°à¤¹à¤¾ à¤¥à¤¾ à¤¯à¥‡ à¤—à¤¡à¤¼à¤¬à¤¡à¤¼ à¤•à¤°à¥‡à¤—à¤¾ğŸ˜‚,2025-11-26T08:37:21Z,0,Negative,-1,0.0,10,0.4176,2026-02-21T09:38:24.566313
youtube,rRbqOK19cM0,@Knorwegian,"5:36 You could have beeped it.
I was watching with my PARENTS",2025-11-26T05:28:02Z,0,Neutral,0,5.0,10,0.6159,2026-02-21T09:38:24.656242
youtube,rRbqOK19cM0,@KrishnaKumar-yv3uh,"My Ola scooter got rusted while it was kept in service centre. I gave the vehicle in good condition, and I visited and checked it in service center after a few weeks , see tgat ola with rust on multiple parts.ğŸ˜¢ğŸ˜¢ their is a video in my channel",2025-11-25T21:02:10Z,0,Negative,-1,0.0,10,0.8087,2026-02-21T09:38:24.779030
youtube,rRbqOK19cM0,@aravindr2125,I buy the scooter so much pain of my life,2025-11-25T08:33:19Z,0,Negative,-1,0.0,10,0.8451,2026-02-21T09:38:24.846342
youtube,rRbqOK19cM0,@tinnu0741,Ios 26 was personal ğŸ˜¢ğŸ’”,2025-11-25T08:13:19Z,0,Negative,-1,0.0,10,0.8665,2026-02-21T09:38:24.900399
youtube,rRbqOK19cM0,@gulamdastagir3637,Bhavesh Agarval ek Pagal hai innocent Indians ko Chuna lagara go govt should take immediately action jail me dalo chor salay ko wanna yell bhi London bhag jayega baht bald dekna,2025-11-25T04:25:09Z,0,Positive,1,10.0,10,0.4025,2026-02-21T09:38:25.004674
youtube,rRbqOK19cM0,@sairampamarthi3007,trying to convince customers even there are failure worst company,2025-11-24T15:30:20Z,0,Negative,-1,0.0,10,0.9014,2026-02-21T09:38:25.078847
youtube,rRbqOK19cM0,@rawrawi3704,"Its alredy 1 year itâ€™s is working perfectly, donâ€™t spred fake news",2025-11-24T03:15:25Z,1,Positive,1,10.0,10,0.4874,2026-02-21T09:38:25.161928
youtube,rRbqOK19cM0,@MrBrij2385,Apne desh mein Companiyon se lekar sarkar sab jumlon par chal raha hai.,2025-11-23T21:19:50Z,0,Negative,-1,0.0,10,0.4284,2026-02-21T09:38:25.245891
youtube,rRbqOK19cM0,@singhdisha1384,Don't purchase ola ka jholağŸ˜….,2025-11-23T14:45:07Z,0,Negative,-1,0.0,10,0.4036,2026-02-21T09:38:25.323561
youtube,rRbqOK19cM0,@daviddmonte,"Aether is far far far better , they have research... unlike ola's which is just a buisness venture...with too much pride",2025-11-23T12:54:38Z,0,Positive,1,10.0,10,0.3789,2026-02-21T09:38:25.424419
youtube,rRbqOK19cM0,@Pixelvance,hello brother you need video editor ğŸ˜ i am a professional video editor ğŸ˜ reply me,2025-11-23T07:20:45Z,0,Neutral,0,5.0,10,0.6201,2026-02-21T09:38:25.511043
youtube,rRbqOK19cM0,@siddharthpandit,"Banoge Bhola toh SCAM karega OLA!
Here in Kolhapur MH, 950 Scooters are waiting for repairs for the past 3 months. Most of the scooters have Software problems and not Hardware problem. Requesting all the avoid this OLA Fraudster, if you wish to not waste your money.",2025-11-23T04:39:00Z,0,Negative,-1,0.0,10,0.8666,2026-02-21T09:38:25.630341
youtube,rRbqOK19cM0,@pnvnambiar24,Last i checked Bangalore was in Karnataka 2:54,2025-11-22T17:15:48Z,0,Neutral,0,5.0,10,0.8537,2026-02-21T09:38:25.710183
youtube,rRbqOK19cM0,@dheerenmittal9236,"ABE TUJHE BOLNA NHI AATA YA VOICE EDITING NHI AATI , JO BOLTE BOLTE ITNI KAM AAWAJ HO JATI KI KUCH SMJH NHI AATA",2025-11-22T16:51:19Z,0,Negative,-1,0.0,10,0.4024,2026-02-21T09:38:25.812278
youtube,rRbqOK19cM0,@bevan_kumar,2:54 when did Bengaluru go to Tamil Nadu.?ğŸ˜•ğŸ˜¡,2025-11-22T16:04:30Z,0,Negative,-1,0.0,10,0.8238,2026-02-21T09:38:25.875007
youtube,rRbqOK19cM0,@darshantechful,He still has time to improve service but he is not. Bast***d,2025-11-22T07:54:55Z,0,Negative,-1,0.0,10,0.8969,2026-02-21T09:38:25.958100
youtube,rRbqOK19cM0,@RIDHANSH619,Kolhapur ola showroom have same condition you showing in your starting video,2025-11-22T01:29:25Z,0,Neutral,0,5.0,10,0.7346,2026-02-21T09:38:26.042225
youtube,rRbqOK19cM0,@JobyJohnson-p2l,Watching this 3rd time also coz this one makes me sleep within 2 mins. Dont know why..!,2025-11-21T21:23:20Z,0,Positive,1,10.0,10,0.6319,2026-02-21T09:38:26.130254
youtube,rRbqOK19cM0,@hanifnewid4073,They are shutting down service centers sir..,2025-11-21T21:02:28Z,0,Negative,-1,0.0,10,0.8728,2026-02-21T09:38:26.207347
youtube,rRbqOK19cM0,@hanifnewid4073,"Biggest factor, Subsidies???  Watch zeroda kamat guy podcast with ather ceo..",2025-11-21T20:52:59Z,0,Neutral,0,5.0,10,0.4886,2026-02-21T09:38:26.292135
youtube,rRbqOK19cM0,@rajeshgaikwad4209,Please don't buy ola ğŸ™,2025-11-21T18:50:30Z,0,Negative,-1,0.0,10,0.7372,2026-02-21T09:38:26.347222
youtube,rRbqOK19cM0,@try650,Ola bro who ever you are the damage is done now don't get pushed back rise from the ashes ola bro .,2025-11-21T17:33:17Z,0,Negative,-1,0.0,10,0.5389,2026-02-21T09:38:26.420917
youtube,rRbqOK19cM0,@AdityaSingh-w7i8p,Simple don't buy olağŸ˜‚ğŸ˜‚ğŸ˜‚,2025-11-21T16:55:53Z,0,Negative,-1,0.0,10,0.4688,2026-02-21T09:38:26.485081
youtube,rRbqOK19cM0,@nononsense129,The arrogance is the number one reason ğŸ˜‚ğŸ˜‚,2025-11-21T16:03:50Z,0,Negative,-1,0.0,10,0.8684,2026-02-21T09:38:26.555119
youtube,rRbqOK19cM0,@silentki11eerr9,Ola just like BJP only fake promises,2025-11-21T10:04:17Z,0,Negative,-1,0.0,10,0.7946,2026-02-21T09:38:26.606202
youtube,rRbqOK19cM0,@kusalchandraMahi,SERVICE POOR DONT BUY OLA PRODUCT,2025-11-21T08:54:46Z,0,Negative,-1,0.0,10,0.9115,2026-02-21T09:38:26.686050
youtube,rRbqOK19cM0,@sharukhsa5716,Ola every dab ğŸ©´ğŸ©´ğŸ©´ğŸ©´ğŸ©´ğŸ©´ğŸ©´ğŸ©´ğŸ©´ğŸ‘¡ğŸ‘¡ğŸ‘¡ğŸ‘¡ğŸ‘¡ğŸ‘¡ğŸ‘¡ğŸ‘¡ğŸ‘¡ğŸ‘¡ğŸ‘¡ğŸ‘ğŸ‘ŸğŸ‘ŸğŸ‘ŸğŸ‘ŸğŸ‘ŸğŸ‘ŸğŸ‘ŸğŸ‘Ÿ,2025-11-20T16:57:31Z,0,Neutral,0,5.0,10,0.6602,2026-02-21T09:38:26.755373
youtube,rRbqOK19cM0,@adityarajpal-hg5xc,Thank for make my voice thanks thanks and thanks ğŸ™ƒ,2025-11-20T16:54:17Z,0,Positive,1,10.0,10,0.7192,2026-02-21T09:38:26.840292
youtube,rRbqOK19cM0,@AnanthNath-o8n,Oombiyallo naadhağŸ™‚ğŸ¥²,2025-11-20T16:07:42Z,0,Positive,1,10.0,10,0.4877,2026-02-21T09:38:26.905983
youtube,rRbqOK19cM0,@GaneshShet-u3w,"Ban Ola from India, stop buying Ola, dont know how still people are buying this junk brand",2025-11-20T14:15:19Z,0,Negative,-1,0.0,10,0.9299,2026-02-21T09:38:26.989684
youtube,rRbqOK19cM0,@soumeetacharya2112,"It is the new age Freedom 251, hope you guys remember itğŸ˜…ğŸ˜‚",2025-11-20T14:10:38Z,0,Positive,1,10.0,10,0.6845,2026-02-21T09:38:27.055314
youtube,rRbqOK19cM0,@thalun6791,"When did gadget review channel turn to business case study channel, seems like ola smells to me .ğŸ˜…",2025-11-20T13:04:56Z,0,Neutral,0,5.0,10,0.4893,2026-02-21T09:38:27.136747
youtube,rRbqOK19cM0,@velocity0212,Chasing profits over quality ğŸ˜‚,2025-11-20T12:57:26Z,0,Neutral,0,5.0,10,0.4978,2026-02-21T09:38:27.194535
youtube,rRbqOK19cM0,@clasher-fan-coc,Ather is much better than ola,2025-11-20T08:27:52Z,0,Positive,1,10.0,10,0.5492,2026-02-21T09:38:27.253180
youtube,rRbqOK19cM0,@TheBadmasboi2.5,Your Eyes are AmÃ zing! ğŸ˜,2025-11-20T05:37:34Z,0,Positive,1,10.0,10,0.9295,2026-02-21T09:38:27.322328
youtube,rRbqOK19cM0,@r.pgamerz4827,Was thinking of buying an Ola....but now i tam hinking its best i stick with the splendor plus xtec(my dad's Recommendation)ğŸ˜…ğŸ˜…ğŸ˜…,2025-11-20T05:32:33Z,0,Neutral,0,5.0,10,0.4962,2026-02-21T09:38:27.425352
youtube,rRbqOK19cM0,@aaryaningaraddiyavar833,"I had pre ordered it for 499. Thank God I reconsidered later and bought Chetak. It's been 4 years, I still get 80-90 km range. FYI the advertised range was 90. It give 110-120 when new.",2025-11-19T19:35:44Z,0,Positive,1,10.0,10,0.4915,2026-02-21T09:38:27.528397
youtube,rRbqOK19cM0,@abhishek_7986,ğŸ‰,2025-11-19T18:09:07Z,0,Positive,1,10.0,10,0.4888,2026-02-21T09:38:27.570024
youtube,rRbqOK19cM0,@yogeeyogeesh8597,OLA super made in india proudly powered by Ola ğŸ‡®ğŸ‡³ technology battery ğŸ”‹ motor ğŸ›µğŸ‡®ğŸ‡³ 3ears ago OLA buying NO problem issue exlent ğŸ¦¾ğŸ”‹ğŸ›µğŸ‡®ğŸ‡³ğŸ¥°ğŸ’ğŸ‘ğŸš©ğŸ«¶ğŸ‘ŒğŸ˜˜,2025-11-19T15:37:17Z,0,Positive,1,10.0,10,0.6077,2026-02-21T09:38:27.674266
youtube,rRbqOK19cM0,@androwindo,I will be cheering for the downfall of that arrogant AH,2025-11-19T09:12:36Z,0,Negative,-1,0.0,10,0.8826,2026-02-21T09:38:27.749147
youtube,rRbqOK19cM0,@neotech7272,"Biggest Scam of Modern India - Ola Electric
Recently from last 2 months Ola closed all service centre across India. They haven't given salary to Technicians. No Parts replaced under warranty. So they saved around 50 crores in 2 month. Their technicians has stole parts from scooters lying at service centre and stored in their store. Example Ola filed case of Rs3 crores worth parts stolen at Sarkhej police station and demand 3 crores from insurance company. 
Moreover Ministry is backing them due to mysterious reason.

Share as much as possible.",2025-11-19T06:54:04Z,0,Negative,-1,0.0,10,0.8723,2026-02-21T09:38:27.922046
youtube,rRbqOK19cM0,@animelplanet8533,"Ola scooter is a fail company.
1000 service centres is a gimmick and intentionally they create faults in my scooter.  Their scooters are fully controlled by their core centre remotely. They're failed in giving service. ğŸ˜¢ Don't buy I insist",2025-11-18T23:30:37Z,0,Negative,-1,0.0,10,0.947,2026-02-21T09:38:28.043411
youtube,rRbqOK19cM0,@shakuntalamishra-f8d,TVS ...... Bajaj ....... have too much money .......... they pay for negative publicity against Ola and Bhavish Agarwal,2025-11-18T14:45:25Z,0,Negative,-1,0.0,10,0.7079,2026-02-21T09:38:28.131260
youtube,rRbqOK19cM0,@shakuntalamishra-f8d,Ola should have focused in ........... only four cities ....... going hinterland too soon ....... made service station installation difficult,2025-11-18T14:43:53Z,0,Negative,-1,0.0,10,0.8163,2026-02-21T09:38:28.212993
youtube,rRbqOK19cM0,@shakuntalamishra-f8d,TVS ............  ..........HOnda ...........Bajaj ...........all hate Ola electric ........,2025-11-18T14:42:38Z,0,Negative,-1,0.0,10,0.7321,2026-02-21T09:38:28.289863
youtube,rRbqOK19cM0,@shakuntalamishra-f8d,somehow left ecosystem ........ does not like Ola electric ............. Bhavish Agarwal is targetted from Domestic and foreing competitors,2025-11-18T14:40:08Z,0,Negative,-1,0.0,10,0.8119,2026-02-21T09:38:28.370694
youtube,rRbqOK19cM0,@jaykumar7185,NO to OLA,2025-11-18T06:04:37Z,0,Negative,-1,0.0,10,0.7799,2026-02-21T09:38:28.422081
youtube,rRbqOK19cM0,@saianuushm.a3945,"I bought my Ola S1 Pro Gen 2 in summer 2024. After a few months, I gave it for service because the maps were buggy and I wanted a general cleanup. The experience was terrible. They made me park it outside in the dust, asked me to set a weak 6-digit password, and after the service nothing changed. They didnâ€™t even clean it â€” just said they â€œchecked brakesâ€ and â€œupdated software.â€

Now after the Oct 2025 update, the software is finally okay, but Iâ€™ve decided Iâ€™m never giving my Ola for service again. I still have scratches and a broken rear number-plate LED, and Iâ€™m avoiding service on purpose.

My opinion: If you own an Ola, donâ€™t expect their service to make your scooter better â€” it might actually make it worse.",2025-11-18T03:48:04Z,0,Negative,-1,0.0,10,0.7994,2026-02-21T09:38:28.626698
youtube,rRbqOK19cM0,@sksingh3339,"Ola is getting target by south korea. why lets see hyundai and kia sells its share of ola in 2025. both companies are from south korea. A company who put the alligation of technology theft at the very first of launch of ola scooter with its own battery is LG , and guess what its also from South Korea.  Clearly ola has been targeted most of the videos putting on websites are paid ones funded by south korean companies. The scooters they post standing in line infront of service center is a joke. bcz everh and every companies service center you will see lots of vehicles standing like that only. beaware stnad with ola as its indian company.",2025-11-17T19:26:31Z,0,Negative,-1,0.0,10,0.7227,2026-02-21T09:38:28.814293
